2025-10-01 00:00:08 [DiscoveryClient-HeartbeatExecutor-%d] DEBUG org.springframework.web.client.RestTemplate - HTTP PUT http://localhost:8761/eureka/apps/PRODUCT-SERVICE/product-service:8083?status=UP&lastDirtyTimestamp=1759252833442
2025-10-01 00:00:08 [DiscoveryClient-HeartbeatExecutor-%d] DEBUG org.springframework.web.client.RestTemplate - Accept=[application/json, application/*+json]
2025-10-01 00:00:08 [DiscoveryClient-HeartbeatExecutor-%d] DEBUG org.springframework.web.client.RestTemplate - Response 200 OK
2025-10-01 00:00:08 [DiscoveryClient-CacheRefreshExecutor-%d] DEBUG org.springframework.web.client.RestTemplate - HTTP GET http://localhost:8761/eureka/apps/delta
2025-10-01 00:00:08 [DiscoveryClient-CacheRefreshExecutor-%d] DEBUG org.springframework.web.client.RestTemplate - Accept=[application/json, application/*+json]
2025-10-01 00:00:08 [DiscoveryClient-CacheRefreshExecutor-%d] DEBUG org.springframework.web.client.RestTemplate - Response 200 OK
2025-10-01 00:00:08 [DiscoveryClient-CacheRefreshExecutor-%d] DEBUG org.springframework.web.client.RestTemplate - Reading to [org.springframework.cloud.netflix.eureka.http.EurekaApplications]
2025-10-01 00:00:33 [AsyncResolver-bootstrap-executor-%d] INFO  c.n.d.shared.resolver.aws.ConfigClusterResolver - Resolving eureka endpoints via configuration
2025-10-01 00:00:38 [DiscoveryClient-HeartbeatExecutor-%d] DEBUG org.springframework.web.client.RestTemplate - HTTP PUT http://localhost:8761/eureka/apps/PRODUCT-SERVICE/product-service:8083?status=UP&lastDirtyTimestamp=1759252833442
2025-10-01 00:00:38 [DiscoveryClient-HeartbeatExecutor-%d] DEBUG org.springframework.web.client.RestTemplate - Accept=[application/json, application/*+json]
2025-10-01 00:00:38 [DiscoveryClient-HeartbeatExecutor-%d] DEBUG org.springframework.web.client.RestTemplate - Response 200 OK
2025-10-01 00:00:38 [DiscoveryClient-CacheRefreshExecutor-%d] DEBUG org.springframework.web.client.RestTemplate - HTTP GET http://localhost:8761/eureka/apps/delta
2025-10-01 00:00:38 [DiscoveryClient-CacheRefreshExecutor-%d] DEBUG org.springframework.web.client.RestTemplate - Accept=[application/json, application/*+json]
2025-10-01 00:00:38 [DiscoveryClient-CacheRefreshExecutor-%d] DEBUG org.springframework.web.client.RestTemplate - Response 200 OK
2025-10-01 00:00:38 [DiscoveryClient-CacheRefreshExecutor-%d] DEBUG org.springframework.web.client.RestTemplate - Reading to [org.springframework.cloud.netflix.eureka.http.EurekaApplications]
2025-10-01 00:01:08 [DiscoveryClient-HeartbeatExecutor-%d] DEBUG org.springframework.web.client.RestTemplate - HTTP PUT http://localhost:8761/eureka/apps/PRODUCT-SERVICE/product-service:8083?status=UP&lastDirtyTimestamp=1759252833442
2025-10-01 00:01:08 [DiscoveryClient-HeartbeatExecutor-%d] DEBUG org.springframework.web.client.RestTemplate - Accept=[application/json, application/*+json]
2025-10-01 00:01:08 [DiscoveryClient-HeartbeatExecutor-%d] DEBUG org.springframework.web.client.RestTemplate - Response 200 OK
2025-10-01 00:01:08 [DiscoveryClient-CacheRefreshExecutor-%d] DEBUG org.springframework.web.client.RestTemplate - HTTP GET http://localhost:8761/eureka/apps/delta
2025-10-01 00:01:08 [DiscoveryClient-CacheRefreshExecutor-%d] DEBUG org.springframework.web.client.RestTemplate - Accept=[application/json, application/*+json]
2025-10-01 00:01:08 [DiscoveryClient-CacheRefreshExecutor-%d] DEBUG org.springframework.web.client.RestTemplate - Response 200 OK
2025-10-01 00:01:08 [DiscoveryClient-CacheRefreshExecutor-%d] DEBUG org.springframework.web.client.RestTemplate - Reading to [org.springframework.cloud.netflix.eureka.http.EurekaApplications]
2025-10-01 00:01:38 [DiscoveryClient-HeartbeatExecutor-%d] DEBUG org.springframework.web.client.RestTemplate - HTTP PUT http://localhost:8761/eureka/apps/PRODUCT-SERVICE/product-service:8083?status=UP&lastDirtyTimestamp=1759252833442
2025-10-01 00:01:38 [DiscoveryClient-HeartbeatExecutor-%d] DEBUG org.springframework.web.client.RestTemplate - Accept=[application/json, application/*+json]
2025-10-01 00:01:38 [DiscoveryClient-HeartbeatExecutor-%d] DEBUG org.springframework.web.client.RestTemplate - Response 200 OK
2025-10-01 00:01:38 [DiscoveryClient-CacheRefreshExecutor-%d] DEBUG org.springframework.web.client.RestTemplate - HTTP GET http://localhost:8761/eureka/apps/delta
2025-10-01 00:01:38 [DiscoveryClient-CacheRefreshExecutor-%d] DEBUG org.springframework.web.client.RestTemplate - Accept=[application/json, application/*+json]
2025-10-01 00:01:38 [DiscoveryClient-CacheRefreshExecutor-%d] DEBUG org.springframework.web.client.RestTemplate - Response 200 OK
2025-10-01 00:01:38 [DiscoveryClient-CacheRefreshExecutor-%d] DEBUG org.springframework.web.client.RestTemplate - Reading to [org.springframework.cloud.netflix.eureka.http.EurekaApplications]
2025-10-01 00:02:08 [DiscoveryClient-HeartbeatExecutor-%d] DEBUG org.springframework.web.client.RestTemplate - HTTP PUT http://localhost:8761/eureka/apps/PRODUCT-SERVICE/product-service:8083?status=UP&lastDirtyTimestamp=1759252833442
2025-10-01 00:02:08 [DiscoveryClient-HeartbeatExecutor-%d] DEBUG org.springframework.web.client.RestTemplate - Accept=[application/json, application/*+json]
2025-10-01 00:02:08 [DiscoveryClient-HeartbeatExecutor-%d] DEBUG org.springframework.web.client.RestTemplate - Response 200 OK
2025-10-01 00:02:08 [DiscoveryClient-CacheRefreshExecutor-%d] DEBUG org.springframework.web.client.RestTemplate - HTTP GET http://localhost:8761/eureka/apps/delta
2025-10-01 00:02:08 [DiscoveryClient-CacheRefreshExecutor-%d] DEBUG org.springframework.web.client.RestTemplate - Accept=[application/json, application/*+json]
2025-10-01 00:02:08 [DiscoveryClient-CacheRefreshExecutor-%d] DEBUG org.springframework.web.client.RestTemplate - Response 200 OK
2025-10-01 00:02:08 [DiscoveryClient-CacheRefreshExecutor-%d] DEBUG org.springframework.web.client.RestTemplate - Reading to [org.springframework.cloud.netflix.eureka.http.EurekaApplications]
2025-10-01 00:02:38 [DiscoveryClient-HeartbeatExecutor-%d] DEBUG org.springframework.web.client.RestTemplate - HTTP PUT http://localhost:8761/eureka/apps/PRODUCT-SERVICE/product-service:8083?status=UP&lastDirtyTimestamp=1759252833442
2025-10-01 00:02:38 [DiscoveryClient-HeartbeatExecutor-%d] DEBUG org.springframework.web.client.RestTemplate - Accept=[application/json, application/*+json]
2025-10-01 00:02:38 [DiscoveryClient-HeartbeatExecutor-%d] DEBUG org.springframework.web.client.RestTemplate - Response 200 OK
2025-10-01 00:02:38 [DiscoveryClient-CacheRefreshExecutor-%d] DEBUG org.springframework.web.client.RestTemplate - HTTP GET http://localhost:8761/eureka/apps/delta
2025-10-01 00:02:38 [DiscoveryClient-CacheRefreshExecutor-%d] DEBUG org.springframework.web.client.RestTemplate - Accept=[application/json, application/*+json]
2025-10-01 00:02:38 [DiscoveryClient-CacheRefreshExecutor-%d] DEBUG org.springframework.web.client.RestTemplate - Response 200 OK
2025-10-01 00:02:38 [DiscoveryClient-CacheRefreshExecutor-%d] DEBUG org.springframework.web.client.RestTemplate - Reading to [org.springframework.cloud.netflix.eureka.http.EurekaApplications]
2025-10-01 00:03:08 [DiscoveryClient-HeartbeatExecutor-%d] DEBUG org.springframework.web.client.RestTemplate - HTTP PUT http://localhost:8761/eureka/apps/PRODUCT-SERVICE/product-service:8083?status=UP&lastDirtyTimestamp=1759252833442
2025-10-01 00:03:08 [DiscoveryClient-HeartbeatExecutor-%d] DEBUG org.springframework.web.client.RestTemplate - Accept=[application/json, application/*+json]
2025-10-01 00:03:08 [DiscoveryClient-HeartbeatExecutor-%d] DEBUG org.springframework.web.client.RestTemplate - Response 200 OK
2025-10-01 00:03:08 [DiscoveryClient-CacheRefreshExecutor-%d] DEBUG org.springframework.web.client.RestTemplate - HTTP GET http://localhost:8761/eureka/apps/delta
2025-10-01 00:03:08 [DiscoveryClient-CacheRefreshExecutor-%d] DEBUG org.springframework.web.client.RestTemplate - Accept=[application/json, application/*+json]
2025-10-01 00:03:08 [DiscoveryClient-CacheRefreshExecutor-%d] DEBUG org.springframework.web.client.RestTemplate - Response 200 OK
2025-10-01 00:03:08 [DiscoveryClient-CacheRefreshExecutor-%d] DEBUG org.springframework.web.client.RestTemplate - Reading to [org.springframework.cloud.netflix.eureka.http.EurekaApplications]
2025-10-01 00:03:38 [DiscoveryClient-HeartbeatExecutor-%d] DEBUG org.springframework.web.client.RestTemplate - HTTP PUT http://localhost:8761/eureka/apps/PRODUCT-SERVICE/product-service:8083?status=UP&lastDirtyTimestamp=1759252833442
2025-10-01 00:03:38 [DiscoveryClient-HeartbeatExecutor-%d] DEBUG org.springframework.web.client.RestTemplate - Accept=[application/json, application/*+json]
2025-10-01 00:03:38 [DiscoveryClient-HeartbeatExecutor-%d] DEBUG org.springframework.web.client.RestTemplate - Response 200 OK
2025-10-01 00:03:38 [DiscoveryClient-CacheRefreshExecutor-%d] DEBUG org.springframework.web.client.RestTemplate - HTTP GET http://localhost:8761/eureka/apps/delta
2025-10-01 00:03:38 [DiscoveryClient-CacheRefreshExecutor-%d] DEBUG org.springframework.web.client.RestTemplate - Accept=[application/json, application/*+json]
2025-10-01 00:03:38 [DiscoveryClient-CacheRefreshExecutor-%d] DEBUG org.springframework.web.client.RestTemplate - Response 200 OK
2025-10-01 00:03:38 [DiscoveryClient-CacheRefreshExecutor-%d] DEBUG org.springframework.web.client.RestTemplate - Reading to [org.springframework.cloud.netflix.eureka.http.EurekaApplications]
2025-10-01 00:04:08 [DiscoveryClient-HeartbeatExecutor-%d] DEBUG org.springframework.web.client.RestTemplate - HTTP PUT http://localhost:8761/eureka/apps/PRODUCT-SERVICE/product-service:8083?status=UP&lastDirtyTimestamp=1759252833442
2025-10-01 00:04:08 [DiscoveryClient-HeartbeatExecutor-%d] DEBUG org.springframework.web.client.RestTemplate - Accept=[application/json, application/*+json]
2025-10-01 00:04:08 [DiscoveryClient-HeartbeatExecutor-%d] DEBUG org.springframework.web.client.RestTemplate - Response 200 OK
2025-10-01 00:04:08 [DiscoveryClient-CacheRefreshExecutor-%d] DEBUG org.springframework.web.client.RestTemplate - HTTP GET http://localhost:8761/eureka/apps/delta
2025-10-01 00:04:08 [DiscoveryClient-CacheRefreshExecutor-%d] DEBUG org.springframework.web.client.RestTemplate - Accept=[application/json, application/*+json]
2025-10-01 00:04:08 [DiscoveryClient-CacheRefreshExecutor-%d] DEBUG org.springframework.web.client.RestTemplate - Response 200 OK
2025-10-01 00:04:08 [DiscoveryClient-CacheRefreshExecutor-%d] DEBUG org.springframework.web.client.RestTemplate - Reading to [org.springframework.cloud.netflix.eureka.http.EurekaApplications]
2025-10-01 00:04:38 [DiscoveryClient-HeartbeatExecutor-%d] DEBUG org.springframework.web.client.RestTemplate - HTTP PUT http://localhost:8761/eureka/apps/PRODUCT-SERVICE/product-service:8083?status=UP&lastDirtyTimestamp=1759252833442
2025-10-01 00:04:38 [DiscoveryClient-HeartbeatExecutor-%d] DEBUG org.springframework.web.client.RestTemplate - Accept=[application/json, application/*+json]
2025-10-01 00:04:38 [DiscoveryClient-HeartbeatExecutor-%d] DEBUG org.springframework.web.client.RestTemplate - Response 200 OK
2025-10-01 00:04:38 [DiscoveryClient-CacheRefreshExecutor-%d] DEBUG org.springframework.web.client.RestTemplate - HTTP GET http://localhost:8761/eureka/apps/delta
2025-10-01 00:04:38 [DiscoveryClient-CacheRefreshExecutor-%d] DEBUG org.springframework.web.client.RestTemplate - Accept=[application/json, application/*+json]
2025-10-01 00:04:38 [DiscoveryClient-CacheRefreshExecutor-%d] DEBUG org.springframework.web.client.RestTemplate - Response 200 OK
2025-10-01 00:04:38 [DiscoveryClient-CacheRefreshExecutor-%d] DEBUG org.springframework.web.client.RestTemplate - Reading to [org.springframework.cloud.netflix.eureka.http.EurekaApplications]
2025-10-01 00:05:08 [DiscoveryClient-HeartbeatExecutor-%d] DEBUG org.springframework.web.client.RestTemplate - HTTP PUT http://localhost:8761/eureka/apps/PRODUCT-SERVICE/product-service:8083?status=UP&lastDirtyTimestamp=1759252833442
2025-10-01 00:05:08 [DiscoveryClient-HeartbeatExecutor-%d] DEBUG org.springframework.web.client.RestTemplate - Accept=[application/json, application/*+json]
2025-10-01 00:05:08 [DiscoveryClient-HeartbeatExecutor-%d] DEBUG org.springframework.web.client.RestTemplate - Response 200 OK
2025-10-01 00:05:08 [DiscoveryClient-CacheRefreshExecutor-%d] DEBUG org.springframework.web.client.RestTemplate - HTTP GET http://localhost:8761/eureka/apps/delta
2025-10-01 00:05:08 [DiscoveryClient-CacheRefreshExecutor-%d] DEBUG org.springframework.web.client.RestTemplate - Accept=[application/json, application/*+json]
2025-10-01 00:05:08 [DiscoveryClient-CacheRefreshExecutor-%d] DEBUG org.springframework.web.client.RestTemplate - Response 200 OK
2025-10-01 00:05:08 [DiscoveryClient-CacheRefreshExecutor-%d] DEBUG org.springframework.web.client.RestTemplate - Reading to [org.springframework.cloud.netflix.eureka.http.EurekaApplications]
2025-10-01 00:05:33 [AsyncResolver-bootstrap-executor-%d] INFO  c.n.d.shared.resolver.aws.ConfigClusterResolver - Resolving eureka endpoints via configuration
2025-10-01 00:05:38 [DiscoveryClient-HeartbeatExecutor-%d] DEBUG org.springframework.web.client.RestTemplate - HTTP PUT http://localhost:8761/eureka/apps/PRODUCT-SERVICE/product-service:8083?status=UP&lastDirtyTimestamp=1759252833442
2025-10-01 00:05:38 [DiscoveryClient-HeartbeatExecutor-%d] DEBUG org.springframework.web.client.RestTemplate - Accept=[application/json, application/*+json]
2025-10-01 00:05:38 [DiscoveryClient-HeartbeatExecutor-%d] DEBUG org.springframework.web.client.RestTemplate - Response 200 OK
2025-10-01 00:05:39 [DiscoveryClient-CacheRefreshExecutor-%d] DEBUG org.springframework.web.client.RestTemplate - HTTP GET http://localhost:8761/eureka/apps/delta
2025-10-01 00:05:39 [DiscoveryClient-CacheRefreshExecutor-%d] DEBUG org.springframework.web.client.RestTemplate - Accept=[application/json, application/*+json]
2025-10-01 00:05:39 [DiscoveryClient-CacheRefreshExecutor-%d] DEBUG org.springframework.web.client.RestTemplate - Response 200 OK
2025-10-01 00:05:39 [DiscoveryClient-CacheRefreshExecutor-%d] DEBUG org.springframework.web.client.RestTemplate - Reading to [org.springframework.cloud.netflix.eureka.http.EurekaApplications]
2025-10-01 00:06:08 [DiscoveryClient-HeartbeatExecutor-%d] DEBUG org.springframework.web.client.RestTemplate - HTTP PUT http://localhost:8761/eureka/apps/PRODUCT-SERVICE/product-service:8083?status=UP&lastDirtyTimestamp=1759252833442
2025-10-01 00:06:08 [DiscoveryClient-HeartbeatExecutor-%d] DEBUG org.springframework.web.client.RestTemplate - Accept=[application/json, application/*+json]
2025-10-01 00:06:08 [DiscoveryClient-HeartbeatExecutor-%d] DEBUG org.springframework.web.client.RestTemplate - Response 200 OK
2025-10-01 00:06:09 [DiscoveryClient-CacheRefreshExecutor-%d] DEBUG org.springframework.web.client.RestTemplate - HTTP GET http://localhost:8761/eureka/apps/delta
2025-10-01 00:06:09 [DiscoveryClient-CacheRefreshExecutor-%d] DEBUG org.springframework.web.client.RestTemplate - Accept=[application/json, application/*+json]
2025-10-01 00:06:09 [DiscoveryClient-CacheRefreshExecutor-%d] DEBUG org.springframework.web.client.RestTemplate - Response 200 OK
2025-10-01 00:06:09 [DiscoveryClient-CacheRefreshExecutor-%d] DEBUG org.springframework.web.client.RestTemplate - Reading to [org.springframework.cloud.netflix.eureka.http.EurekaApplications]
2025-10-01 00:06:38 [DiscoveryClient-HeartbeatExecutor-%d] DEBUG org.springframework.web.client.RestTemplate - HTTP PUT http://localhost:8761/eureka/apps/PRODUCT-SERVICE/product-service:8083?status=UP&lastDirtyTimestamp=1759252833442
2025-10-01 00:06:38 [DiscoveryClient-HeartbeatExecutor-%d] DEBUG org.springframework.web.client.RestTemplate - Accept=[application/json, application/*+json]
2025-10-01 00:06:38 [DiscoveryClient-HeartbeatExecutor-%d] DEBUG org.springframework.web.client.RestTemplate - Response 200 OK
2025-10-01 00:06:39 [DiscoveryClient-CacheRefreshExecutor-%d] DEBUG org.springframework.web.client.RestTemplate - HTTP GET http://localhost:8761/eureka/apps/delta
2025-10-01 00:06:39 [DiscoveryClient-CacheRefreshExecutor-%d] DEBUG org.springframework.web.client.RestTemplate - Accept=[application/json, application/*+json]
2025-10-01 00:06:39 [DiscoveryClient-CacheRefreshExecutor-%d] DEBUG org.springframework.web.client.RestTemplate - Response 200 OK
2025-10-01 00:06:39 [DiscoveryClient-CacheRefreshExecutor-%d] DEBUG org.springframework.web.client.RestTemplate - Reading to [org.springframework.cloud.netflix.eureka.http.EurekaApplications]
2025-10-01 00:07:08 [DiscoveryClient-HeartbeatExecutor-%d] DEBUG org.springframework.web.client.RestTemplate - HTTP PUT http://localhost:8761/eureka/apps/PRODUCT-SERVICE/product-service:8083?status=UP&lastDirtyTimestamp=1759252833442
2025-10-01 00:07:08 [DiscoveryClient-HeartbeatExecutor-%d] DEBUG org.springframework.web.client.RestTemplate - Accept=[application/json, application/*+json]
2025-10-01 00:07:08 [DiscoveryClient-HeartbeatExecutor-%d] DEBUG org.springframework.web.client.RestTemplate - Response 200 OK
2025-10-01 00:07:09 [DiscoveryClient-CacheRefreshExecutor-%d] DEBUG org.springframework.web.client.RestTemplate - HTTP GET http://localhost:8761/eureka/apps/delta
2025-10-01 00:07:09 [DiscoveryClient-CacheRefreshExecutor-%d] DEBUG org.springframework.web.client.RestTemplate - Accept=[application/json, application/*+json]
2025-10-01 00:07:09 [DiscoveryClient-CacheRefreshExecutor-%d] DEBUG org.springframework.web.client.RestTemplate - Response 200 OK
2025-10-01 00:07:09 [DiscoveryClient-CacheRefreshExecutor-%d] DEBUG org.springframework.web.client.RestTemplate - Reading to [org.springframework.cloud.netflix.eureka.http.EurekaApplications]
2025-10-01 00:07:38 [DiscoveryClient-HeartbeatExecutor-%d] DEBUG org.springframework.web.client.RestTemplate - HTTP PUT http://localhost:8761/eureka/apps/PRODUCT-SERVICE/product-service:8083?status=UP&lastDirtyTimestamp=1759252833442
2025-10-01 00:07:38 [DiscoveryClient-HeartbeatExecutor-%d] DEBUG org.springframework.web.client.RestTemplate - Accept=[application/json, application/*+json]
2025-10-01 00:07:38 [DiscoveryClient-HeartbeatExecutor-%d] DEBUG org.springframework.web.client.RestTemplate - Response 200 OK
2025-10-01 00:07:39 [DiscoveryClient-CacheRefreshExecutor-%d] DEBUG org.springframework.web.client.RestTemplate - HTTP GET http://localhost:8761/eureka/apps/delta
2025-10-01 00:07:39 [DiscoveryClient-CacheRefreshExecutor-%d] DEBUG org.springframework.web.client.RestTemplate - Accept=[application/json, application/*+json]
2025-10-01 00:07:39 [DiscoveryClient-CacheRefreshExecutor-%d] DEBUG org.springframework.web.client.RestTemplate - Response 200 OK
2025-10-01 00:07:39 [DiscoveryClient-CacheRefreshExecutor-%d] DEBUG org.springframework.web.client.RestTemplate - Reading to [org.springframework.cloud.netflix.eureka.http.EurekaApplications]
2025-10-01 00:08:08 [DiscoveryClient-HeartbeatExecutor-%d] DEBUG org.springframework.web.client.RestTemplate - HTTP PUT http://localhost:8761/eureka/apps/PRODUCT-SERVICE/product-service:8083?status=UP&lastDirtyTimestamp=1759252833442
2025-10-01 00:08:08 [DiscoveryClient-HeartbeatExecutor-%d] DEBUG org.springframework.web.client.RestTemplate - Accept=[application/json, application/*+json]
2025-10-01 00:08:08 [DiscoveryClient-HeartbeatExecutor-%d] DEBUG org.springframework.web.client.RestTemplate - Response 200 OK
2025-10-01 00:08:09 [DiscoveryClient-CacheRefreshExecutor-%d] DEBUG org.springframework.web.client.RestTemplate - HTTP GET http://localhost:8761/eureka/apps/delta
2025-10-01 00:08:09 [DiscoveryClient-CacheRefreshExecutor-%d] DEBUG org.springframework.web.client.RestTemplate - Accept=[application/json, application/*+json]
2025-10-01 00:08:09 [DiscoveryClient-CacheRefreshExecutor-%d] DEBUG org.springframework.web.client.RestTemplate - Response 200 OK
2025-10-01 00:08:09 [DiscoveryClient-CacheRefreshExecutor-%d] DEBUG org.springframework.web.client.RestTemplate - Reading to [org.springframework.cloud.netflix.eureka.http.EurekaApplications]
2025-10-01 00:08:38 [DiscoveryClient-HeartbeatExecutor-%d] DEBUG org.springframework.web.client.RestTemplate - HTTP PUT http://localhost:8761/eureka/apps/PRODUCT-SERVICE/product-service:8083?status=UP&lastDirtyTimestamp=1759252833442
2025-10-01 00:08:38 [DiscoveryClient-HeartbeatExecutor-%d] DEBUG org.springframework.web.client.RestTemplate - Accept=[application/json, application/*+json]
2025-10-01 00:08:38 [DiscoveryClient-HeartbeatExecutor-%d] DEBUG org.springframework.web.client.RestTemplate - Response 200 OK
2025-10-01 00:08:39 [DiscoveryClient-CacheRefreshExecutor-%d] DEBUG org.springframework.web.client.RestTemplate - HTTP GET http://localhost:8761/eureka/apps/delta
2025-10-01 00:08:39 [DiscoveryClient-CacheRefreshExecutor-%d] DEBUG org.springframework.web.client.RestTemplate - Accept=[application/json, application/*+json]
2025-10-01 00:08:39 [DiscoveryClient-CacheRefreshExecutor-%d] DEBUG org.springframework.web.client.RestTemplate - Response 200 OK
2025-10-01 00:08:39 [DiscoveryClient-CacheRefreshExecutor-%d] DEBUG org.springframework.web.client.RestTemplate - Reading to [org.springframework.cloud.netflix.eureka.http.EurekaApplications]
2025-10-01 00:09:08 [DiscoveryClient-HeartbeatExecutor-%d] DEBUG org.springframework.web.client.RestTemplate - HTTP PUT http://localhost:8761/eureka/apps/PRODUCT-SERVICE/product-service:8083?status=UP&lastDirtyTimestamp=1759252833442
2025-10-01 00:09:08 [DiscoveryClient-HeartbeatExecutor-%d] DEBUG org.springframework.web.client.RestTemplate - Accept=[application/json, application/*+json]
2025-10-01 00:09:08 [DiscoveryClient-HeartbeatExecutor-%d] DEBUG org.springframework.web.client.RestTemplate - Response 200 OK
2025-10-01 00:09:09 [DiscoveryClient-CacheRefreshExecutor-%d] DEBUG org.springframework.web.client.RestTemplate - HTTP GET http://localhost:8761/eureka/apps/delta
2025-10-01 00:09:09 [DiscoveryClient-CacheRefreshExecutor-%d] DEBUG org.springframework.web.client.RestTemplate - Accept=[application/json, application/*+json]
2025-10-01 00:09:09 [DiscoveryClient-CacheRefreshExecutor-%d] DEBUG org.springframework.web.client.RestTemplate - Response 200 OK
2025-10-01 00:09:09 [DiscoveryClient-CacheRefreshExecutor-%d] DEBUG org.springframework.web.client.RestTemplate - Reading to [org.springframework.cloud.netflix.eureka.http.EurekaApplications]
2025-10-01 00:09:38 [DiscoveryClient-HeartbeatExecutor-%d] DEBUG org.springframework.web.client.RestTemplate - HTTP PUT http://localhost:8761/eureka/apps/PRODUCT-SERVICE/product-service:8083?status=UP&lastDirtyTimestamp=1759252833442
2025-10-01 00:09:38 [DiscoveryClient-HeartbeatExecutor-%d] DEBUG org.springframework.web.client.RestTemplate - Accept=[application/json, application/*+json]
2025-10-01 00:09:38 [DiscoveryClient-HeartbeatExecutor-%d] DEBUG org.springframework.web.client.RestTemplate - Response 200 OK
2025-10-01 00:09:39 [DiscoveryClient-CacheRefreshExecutor-%d] DEBUG org.springframework.web.client.RestTemplate - HTTP GET http://localhost:8761/eureka/apps/delta
2025-10-01 00:09:39 [DiscoveryClient-CacheRefreshExecutor-%d] DEBUG org.springframework.web.client.RestTemplate - Accept=[application/json, application/*+json]
2025-10-01 00:09:39 [DiscoveryClient-CacheRefreshExecutor-%d] DEBUG org.springframework.web.client.RestTemplate - Response 200 OK
2025-10-01 00:09:39 [DiscoveryClient-CacheRefreshExecutor-%d] DEBUG org.springframework.web.client.RestTemplate - Reading to [org.springframework.cloud.netflix.eureka.http.EurekaApplications]
2025-10-01 00:10:08 [DiscoveryClient-HeartbeatExecutor-%d] DEBUG org.springframework.web.client.RestTemplate - HTTP PUT http://localhost:8761/eureka/apps/PRODUCT-SERVICE/product-service:8083?status=UP&lastDirtyTimestamp=1759252833442
2025-10-01 00:10:08 [DiscoveryClient-HeartbeatExecutor-%d] DEBUG org.springframework.web.client.RestTemplate - Accept=[application/json, application/*+json]
2025-10-01 00:10:08 [DiscoveryClient-HeartbeatExecutor-%d] DEBUG org.springframework.web.client.RestTemplate - Response 200 OK
2025-10-01 00:10:09 [DiscoveryClient-CacheRefreshExecutor-%d] DEBUG org.springframework.web.client.RestTemplate - HTTP GET http://localhost:8761/eureka/apps/delta
2025-10-01 00:10:09 [DiscoveryClient-CacheRefreshExecutor-%d] DEBUG org.springframework.web.client.RestTemplate - Accept=[application/json, application/*+json]
2025-10-01 00:10:09 [DiscoveryClient-CacheRefreshExecutor-%d] DEBUG org.springframework.web.client.RestTemplate - Response 200 OK
2025-10-01 00:10:09 [DiscoveryClient-CacheRefreshExecutor-%d] DEBUG org.springframework.web.client.RestTemplate - Reading to [org.springframework.cloud.netflix.eureka.http.EurekaApplications]
2025-10-01 00:10:33 [AsyncResolver-bootstrap-executor-%d] INFO  c.n.d.shared.resolver.aws.ConfigClusterResolver - Resolving eureka endpoints via configuration
2025-10-01 00:10:38 [DiscoveryClient-HeartbeatExecutor-%d] DEBUG org.springframework.web.client.RestTemplate - HTTP PUT http://localhost:8761/eureka/apps/PRODUCT-SERVICE/product-service:8083?status=UP&lastDirtyTimestamp=1759252833442
2025-10-01 00:10:38 [DiscoveryClient-HeartbeatExecutor-%d] DEBUG org.springframework.web.client.RestTemplate - Accept=[application/json, application/*+json]
2025-10-01 00:10:38 [DiscoveryClient-HeartbeatExecutor-%d] DEBUG org.springframework.web.client.RestTemplate - Response 200 OK
2025-10-01 00:10:39 [DiscoveryClient-CacheRefreshExecutor-%d] DEBUG org.springframework.web.client.RestTemplate - HTTP GET http://localhost:8761/eureka/apps/delta
2025-10-01 00:10:39 [DiscoveryClient-CacheRefreshExecutor-%d] DEBUG org.springframework.web.client.RestTemplate - Accept=[application/json, application/*+json]
2025-10-01 00:10:39 [DiscoveryClient-CacheRefreshExecutor-%d] DEBUG org.springframework.web.client.RestTemplate - Response 200 OK
2025-10-01 00:10:39 [DiscoveryClient-CacheRefreshExecutor-%d] DEBUG org.springframework.web.client.RestTemplate - Reading to [org.springframework.cloud.netflix.eureka.http.EurekaApplications]
2025-10-01 00:11:08 [DiscoveryClient-HeartbeatExecutor-%d] DEBUG org.springframework.web.client.RestTemplate - HTTP PUT http://localhost:8761/eureka/apps/PRODUCT-SERVICE/product-service:8083?status=UP&lastDirtyTimestamp=1759252833442
2025-10-01 00:11:08 [DiscoveryClient-HeartbeatExecutor-%d] DEBUG org.springframework.web.client.RestTemplate - Accept=[application/json, application/*+json]
2025-10-01 00:11:08 [DiscoveryClient-HeartbeatExecutor-%d] DEBUG org.springframework.web.client.RestTemplate - Response 200 OK
2025-10-01 00:11:09 [DiscoveryClient-CacheRefreshExecutor-%d] DEBUG org.springframework.web.client.RestTemplate - HTTP GET http://localhost:8761/eureka/apps/delta
2025-10-01 00:11:09 [DiscoveryClient-CacheRefreshExecutor-%d] DEBUG org.springframework.web.client.RestTemplate - Accept=[application/json, application/*+json]
2025-10-01 00:11:09 [DiscoveryClient-CacheRefreshExecutor-%d] DEBUG org.springframework.web.client.RestTemplate - Response 200 OK
2025-10-01 00:11:09 [DiscoveryClient-CacheRefreshExecutor-%d] DEBUG org.springframework.web.client.RestTemplate - Reading to [org.springframework.cloud.netflix.eureka.http.EurekaApplications]
2025-10-01 00:11:38 [DiscoveryClient-HeartbeatExecutor-%d] DEBUG org.springframework.web.client.RestTemplate - HTTP PUT http://localhost:8761/eureka/apps/PRODUCT-SERVICE/product-service:8083?status=UP&lastDirtyTimestamp=1759252833442
2025-10-01 00:11:38 [DiscoveryClient-HeartbeatExecutor-%d] DEBUG org.springframework.web.client.RestTemplate - Accept=[application/json, application/*+json]
2025-10-01 00:11:38 [DiscoveryClient-HeartbeatExecutor-%d] DEBUG org.springframework.web.client.RestTemplate - Response 200 OK
2025-10-01 00:11:39 [DiscoveryClient-CacheRefreshExecutor-%d] DEBUG org.springframework.web.client.RestTemplate - HTTP GET http://localhost:8761/eureka/apps/delta
2025-10-01 00:11:39 [DiscoveryClient-CacheRefreshExecutor-%d] DEBUG org.springframework.web.client.RestTemplate - Accept=[application/json, application/*+json]
2025-10-01 00:11:39 [DiscoveryClient-CacheRefreshExecutor-%d] DEBUG org.springframework.web.client.RestTemplate - Response 200 OK
2025-10-01 00:11:39 [DiscoveryClient-CacheRefreshExecutor-%d] DEBUG org.springframework.web.client.RestTemplate - Reading to [org.springframework.cloud.netflix.eureka.http.EurekaApplications]
2025-10-01 00:12:08 [DiscoveryClient-HeartbeatExecutor-%d] DEBUG org.springframework.web.client.RestTemplate - HTTP PUT http://localhost:8761/eureka/apps/PRODUCT-SERVICE/product-service:8083?status=UP&lastDirtyTimestamp=1759252833442
2025-10-01 00:12:08 [DiscoveryClient-HeartbeatExecutor-%d] DEBUG org.springframework.web.client.RestTemplate - Accept=[application/json, application/*+json]
2025-10-01 00:12:08 [DiscoveryClient-HeartbeatExecutor-%d] DEBUG org.springframework.web.client.RestTemplate - Response 200 OK
2025-10-01 00:12:09 [DiscoveryClient-CacheRefreshExecutor-%d] DEBUG org.springframework.web.client.RestTemplate - HTTP GET http://localhost:8761/eureka/apps/delta
2025-10-01 00:12:09 [DiscoveryClient-CacheRefreshExecutor-%d] DEBUG org.springframework.web.client.RestTemplate - Accept=[application/json, application/*+json]
2025-10-01 00:12:09 [DiscoveryClient-CacheRefreshExecutor-%d] DEBUG org.springframework.web.client.RestTemplate - Response 200 OK
2025-10-01 00:12:09 [DiscoveryClient-CacheRefreshExecutor-%d] DEBUG org.springframework.web.client.RestTemplate - Reading to [org.springframework.cloud.netflix.eureka.http.EurekaApplications]
2025-10-01 00:12:38 [DiscoveryClient-HeartbeatExecutor-%d] DEBUG org.springframework.web.client.RestTemplate - HTTP PUT http://localhost:8761/eureka/apps/PRODUCT-SERVICE/product-service:8083?status=UP&lastDirtyTimestamp=1759252833442
2025-10-01 00:12:38 [DiscoveryClient-HeartbeatExecutor-%d] DEBUG org.springframework.web.client.RestTemplate - Accept=[application/json, application/*+json]
2025-10-01 00:12:38 [DiscoveryClient-HeartbeatExecutor-%d] DEBUG org.springframework.web.client.RestTemplate - Response 200 OK
2025-10-01 00:12:39 [DiscoveryClient-CacheRefreshExecutor-%d] DEBUG org.springframework.web.client.RestTemplate - HTTP GET http://localhost:8761/eureka/apps/delta
2025-10-01 00:12:39 [DiscoveryClient-CacheRefreshExecutor-%d] DEBUG org.springframework.web.client.RestTemplate - Accept=[application/json, application/*+json]
2025-10-01 00:12:39 [DiscoveryClient-CacheRefreshExecutor-%d] DEBUG org.springframework.web.client.RestTemplate - Response 200 OK
2025-10-01 00:12:39 [DiscoveryClient-CacheRefreshExecutor-%d] DEBUG org.springframework.web.client.RestTemplate - Reading to [org.springframework.cloud.netflix.eureka.http.EurekaApplications]
2025-10-01 00:13:08 [DiscoveryClient-HeartbeatExecutor-%d] DEBUG org.springframework.web.client.RestTemplate - HTTP PUT http://localhost:8761/eureka/apps/PRODUCT-SERVICE/product-service:8083?status=UP&lastDirtyTimestamp=1759252833442
2025-10-01 00:13:08 [DiscoveryClient-HeartbeatExecutor-%d] DEBUG org.springframework.web.client.RestTemplate - Accept=[application/json, application/*+json]
2025-10-01 00:13:08 [DiscoveryClient-HeartbeatExecutor-%d] DEBUG org.springframework.web.client.RestTemplate - Response 200 OK
2025-10-01 00:13:09 [DiscoveryClient-CacheRefreshExecutor-%d] DEBUG org.springframework.web.client.RestTemplate - HTTP GET http://localhost:8761/eureka/apps/delta
2025-10-01 00:13:09 [DiscoveryClient-CacheRefreshExecutor-%d] DEBUG org.springframework.web.client.RestTemplate - Accept=[application/json, application/*+json]
2025-10-01 00:13:09 [DiscoveryClient-CacheRefreshExecutor-%d] DEBUG org.springframework.web.client.RestTemplate - Response 200 OK
2025-10-01 00:13:09 [DiscoveryClient-CacheRefreshExecutor-%d] DEBUG org.springframework.web.client.RestTemplate - Reading to [org.springframework.cloud.netflix.eureka.http.EurekaApplications]
2025-10-01 00:13:38 [DiscoveryClient-HeartbeatExecutor-%d] DEBUG org.springframework.web.client.RestTemplate - HTTP PUT http://localhost:8761/eureka/apps/PRODUCT-SERVICE/product-service:8083?status=UP&lastDirtyTimestamp=1759252833442
2025-10-01 00:13:38 [DiscoveryClient-HeartbeatExecutor-%d] DEBUG org.springframework.web.client.RestTemplate - Accept=[application/json, application/*+json]
2025-10-01 00:13:38 [DiscoveryClient-HeartbeatExecutor-%d] DEBUG org.springframework.web.client.RestTemplate - Response 200 OK
2025-10-01 00:13:39 [DiscoveryClient-CacheRefreshExecutor-%d] DEBUG org.springframework.web.client.RestTemplate - HTTP GET http://localhost:8761/eureka/apps/delta
2025-10-01 00:13:39 [DiscoveryClient-CacheRefreshExecutor-%d] DEBUG org.springframework.web.client.RestTemplate - Accept=[application/json, application/*+json]
2025-10-01 00:13:39 [DiscoveryClient-CacheRefreshExecutor-%d] DEBUG org.springframework.web.client.RestTemplate - Response 200 OK
2025-10-01 00:13:39 [DiscoveryClient-CacheRefreshExecutor-%d] DEBUG org.springframework.web.client.RestTemplate - Reading to [org.springframework.cloud.netflix.eureka.http.EurekaApplications]
2025-10-01 00:14:08 [DiscoveryClient-HeartbeatExecutor-%d] DEBUG org.springframework.web.client.RestTemplate - HTTP PUT http://localhost:8761/eureka/apps/PRODUCT-SERVICE/product-service:8083?status=UP&lastDirtyTimestamp=1759252833442
2025-10-01 00:14:08 [DiscoveryClient-HeartbeatExecutor-%d] DEBUG org.springframework.web.client.RestTemplate - Accept=[application/json, application/*+json]
2025-10-01 00:14:08 [DiscoveryClient-HeartbeatExecutor-%d] DEBUG org.springframework.web.client.RestTemplate - Response 200 OK
2025-10-01 00:14:09 [DiscoveryClient-CacheRefreshExecutor-%d] DEBUG org.springframework.web.client.RestTemplate - HTTP GET http://localhost:8761/eureka/apps/delta
2025-10-01 00:14:09 [DiscoveryClient-CacheRefreshExecutor-%d] DEBUG org.springframework.web.client.RestTemplate - Accept=[application/json, application/*+json]
2025-10-01 00:14:09 [DiscoveryClient-CacheRefreshExecutor-%d] DEBUG org.springframework.web.client.RestTemplate - Response 200 OK
2025-10-01 00:14:09 [DiscoveryClient-CacheRefreshExecutor-%d] DEBUG org.springframework.web.client.RestTemplate - Reading to [org.springframework.cloud.netflix.eureka.http.EurekaApplications]
2025-10-01 00:14:38 [DiscoveryClient-HeartbeatExecutor-%d] DEBUG org.springframework.web.client.RestTemplate - HTTP PUT http://localhost:8761/eureka/apps/PRODUCT-SERVICE/product-service:8083?status=UP&lastDirtyTimestamp=1759252833442
2025-10-01 00:14:38 [DiscoveryClient-HeartbeatExecutor-%d] DEBUG org.springframework.web.client.RestTemplate - Accept=[application/json, application/*+json]
2025-10-01 00:14:38 [DiscoveryClient-HeartbeatExecutor-%d] DEBUG org.springframework.web.client.RestTemplate - Response 200 OK
2025-10-01 00:14:39 [DiscoveryClient-CacheRefreshExecutor-%d] DEBUG org.springframework.web.client.RestTemplate - HTTP GET http://localhost:8761/eureka/apps/delta
2025-10-01 00:14:39 [DiscoveryClient-CacheRefreshExecutor-%d] DEBUG org.springframework.web.client.RestTemplate - Accept=[application/json, application/*+json]
2025-10-01 00:14:39 [DiscoveryClient-CacheRefreshExecutor-%d] DEBUG org.springframework.web.client.RestTemplate - Response 200 OK
2025-10-01 00:14:39 [DiscoveryClient-CacheRefreshExecutor-%d] DEBUG org.springframework.web.client.RestTemplate - Reading to [org.springframework.cloud.netflix.eureka.http.EurekaApplications]
2025-10-01 00:15:08 [DiscoveryClient-HeartbeatExecutor-%d] DEBUG org.springframework.web.client.RestTemplate - HTTP PUT http://localhost:8761/eureka/apps/PRODUCT-SERVICE/product-service:8083?status=UP&lastDirtyTimestamp=1759252833442
2025-10-01 00:15:08 [DiscoveryClient-HeartbeatExecutor-%d] DEBUG org.springframework.web.client.RestTemplate - Accept=[application/json, application/*+json]
2025-10-01 00:15:08 [DiscoveryClient-HeartbeatExecutor-%d] DEBUG org.springframework.web.client.RestTemplate - Response 200 OK
2025-10-01 00:15:09 [DiscoveryClient-CacheRefreshExecutor-%d] DEBUG org.springframework.web.client.RestTemplate - HTTP GET http://localhost:8761/eureka/apps/delta
2025-10-01 00:15:09 [DiscoveryClient-CacheRefreshExecutor-%d] DEBUG org.springframework.web.client.RestTemplate - Accept=[application/json, application/*+json]
2025-10-01 00:15:09 [DiscoveryClient-CacheRefreshExecutor-%d] DEBUG org.springframework.web.client.RestTemplate - Response 200 OK
2025-10-01 00:15:09 [DiscoveryClient-CacheRefreshExecutor-%d] DEBUG org.springframework.web.client.RestTemplate - Reading to [org.springframework.cloud.netflix.eureka.http.EurekaApplications]
2025-10-01 00:15:33 [AsyncResolver-bootstrap-executor-%d] INFO  c.n.d.shared.resolver.aws.ConfigClusterResolver - Resolving eureka endpoints via configuration
2025-10-01 00:15:38 [DiscoveryClient-HeartbeatExecutor-%d] DEBUG org.springframework.web.client.RestTemplate - HTTP PUT http://localhost:8761/eureka/apps/PRODUCT-SERVICE/product-service:8083?status=UP&lastDirtyTimestamp=1759252833442
2025-10-01 00:15:38 [DiscoveryClient-HeartbeatExecutor-%d] DEBUG org.springframework.web.client.RestTemplate - Accept=[application/json, application/*+json]
2025-10-01 00:15:38 [DiscoveryClient-HeartbeatExecutor-%d] DEBUG org.springframework.web.client.RestTemplate - Response 200 OK
2025-10-01 00:15:39 [DiscoveryClient-CacheRefreshExecutor-%d] DEBUG org.springframework.web.client.RestTemplate - HTTP GET http://localhost:8761/eureka/apps/delta
2025-10-01 00:15:39 [DiscoveryClient-CacheRefreshExecutor-%d] DEBUG org.springframework.web.client.RestTemplate - Accept=[application/json, application/*+json]
2025-10-01 00:15:39 [DiscoveryClient-CacheRefreshExecutor-%d] DEBUG org.springframework.web.client.RestTemplate - Response 200 OK
2025-10-01 00:15:39 [DiscoveryClient-CacheRefreshExecutor-%d] DEBUG org.springframework.web.client.RestTemplate - Reading to [org.springframework.cloud.netflix.eureka.http.EurekaApplications]
2025-10-01 00:16:08 [DiscoveryClient-HeartbeatExecutor-%d] DEBUG org.springframework.web.client.RestTemplate - HTTP PUT http://localhost:8761/eureka/apps/PRODUCT-SERVICE/product-service:8083?status=UP&lastDirtyTimestamp=1759252833442
2025-10-01 00:16:08 [DiscoveryClient-HeartbeatExecutor-%d] DEBUG org.springframework.web.client.RestTemplate - Accept=[application/json, application/*+json]
2025-10-01 00:16:08 [DiscoveryClient-HeartbeatExecutor-%d] DEBUG org.springframework.web.client.RestTemplate - Response 200 OK
2025-10-01 00:16:09 [DiscoveryClient-CacheRefreshExecutor-%d] DEBUG org.springframework.web.client.RestTemplate - HTTP GET http://localhost:8761/eureka/apps/delta
2025-10-01 00:16:09 [DiscoveryClient-CacheRefreshExecutor-%d] DEBUG org.springframework.web.client.RestTemplate - Accept=[application/json, application/*+json]
2025-10-01 00:16:09 [DiscoveryClient-CacheRefreshExecutor-%d] DEBUG org.springframework.web.client.RestTemplate - Response 200 OK
2025-10-01 00:16:09 [DiscoveryClient-CacheRefreshExecutor-%d] DEBUG org.springframework.web.client.RestTemplate - Reading to [org.springframework.cloud.netflix.eureka.http.EurekaApplications]
2025-10-01 00:16:38 [DiscoveryClient-HeartbeatExecutor-%d] DEBUG org.springframework.web.client.RestTemplate - HTTP PUT http://localhost:8761/eureka/apps/PRODUCT-SERVICE/product-service:8083?status=UP&lastDirtyTimestamp=1759252833442
2025-10-01 00:16:38 [DiscoveryClient-HeartbeatExecutor-%d] DEBUG org.springframework.web.client.RestTemplate - Accept=[application/json, application/*+json]
2025-10-01 00:16:38 [DiscoveryClient-HeartbeatExecutor-%d] DEBUG org.springframework.web.client.RestTemplate - Response 200 OK
2025-10-01 00:16:39 [DiscoveryClient-CacheRefreshExecutor-%d] DEBUG org.springframework.web.client.RestTemplate - HTTP GET http://localhost:8761/eureka/apps/delta
2025-10-01 00:16:39 [DiscoveryClient-CacheRefreshExecutor-%d] DEBUG org.springframework.web.client.RestTemplate - Accept=[application/json, application/*+json]
2025-10-01 00:16:39 [DiscoveryClient-CacheRefreshExecutor-%d] DEBUG org.springframework.web.client.RestTemplate - Response 200 OK
2025-10-01 00:16:39 [DiscoveryClient-CacheRefreshExecutor-%d] DEBUG org.springframework.web.client.RestTemplate - Reading to [org.springframework.cloud.netflix.eureka.http.EurekaApplications]
2025-10-01 00:17:08 [DiscoveryClient-HeartbeatExecutor-%d] DEBUG org.springframework.web.client.RestTemplate - HTTP PUT http://localhost:8761/eureka/apps/PRODUCT-SERVICE/product-service:8083?status=UP&lastDirtyTimestamp=1759252833442
2025-10-01 00:17:08 [DiscoveryClient-HeartbeatExecutor-%d] DEBUG org.springframework.web.client.RestTemplate - Accept=[application/json, application/*+json]
2025-10-01 00:17:08 [DiscoveryClient-HeartbeatExecutor-%d] DEBUG org.springframework.web.client.RestTemplate - Response 200 OK
2025-10-01 00:17:09 [DiscoveryClient-CacheRefreshExecutor-%d] DEBUG org.springframework.web.client.RestTemplate - HTTP GET http://localhost:8761/eureka/apps/delta
2025-10-01 00:17:09 [DiscoveryClient-CacheRefreshExecutor-%d] DEBUG org.springframework.web.client.RestTemplate - Accept=[application/json, application/*+json]
2025-10-01 00:17:09 [DiscoveryClient-CacheRefreshExecutor-%d] DEBUG org.springframework.web.client.RestTemplate - Response 200 OK
2025-10-01 00:17:09 [DiscoveryClient-CacheRefreshExecutor-%d] DEBUG org.springframework.web.client.RestTemplate - Reading to [org.springframework.cloud.netflix.eureka.http.EurekaApplications]
2025-10-01 00:17:38 [DiscoveryClient-HeartbeatExecutor-%d] DEBUG org.springframework.web.client.RestTemplate - HTTP PUT http://localhost:8761/eureka/apps/PRODUCT-SERVICE/product-service:8083?status=UP&lastDirtyTimestamp=1759252833442
2025-10-01 00:17:38 [DiscoveryClient-HeartbeatExecutor-%d] DEBUG org.springframework.web.client.RestTemplate - Accept=[application/json, application/*+json]
2025-10-01 00:17:39 [DiscoveryClient-HeartbeatExecutor-%d] DEBUG org.springframework.web.client.RestTemplate - Response 200 OK
2025-10-01 00:17:39 [DiscoveryClient-CacheRefreshExecutor-%d] DEBUG org.springframework.web.client.RestTemplate - HTTP GET http://localhost:8761/eureka/apps/delta
2025-10-01 00:17:39 [DiscoveryClient-CacheRefreshExecutor-%d] DEBUG org.springframework.web.client.RestTemplate - Accept=[application/json, application/*+json]
2025-10-01 00:17:39 [DiscoveryClient-CacheRefreshExecutor-%d] DEBUG org.springframework.web.client.RestTemplate - Response 200 OK
2025-10-01 00:17:39 [DiscoveryClient-CacheRefreshExecutor-%d] DEBUG org.springframework.web.client.RestTemplate - Reading to [org.springframework.cloud.netflix.eureka.http.EurekaApplications]
2025-10-01 00:18:09 [DiscoveryClient-HeartbeatExecutor-%d] DEBUG org.springframework.web.client.RestTemplate - HTTP PUT http://localhost:8761/eureka/apps/PRODUCT-SERVICE/product-service:8083?status=UP&lastDirtyTimestamp=1759252833442
2025-10-01 00:18:09 [DiscoveryClient-HeartbeatExecutor-%d] DEBUG org.springframework.web.client.RestTemplate - Accept=[application/json, application/*+json]
2025-10-01 00:18:09 [DiscoveryClient-HeartbeatExecutor-%d] DEBUG org.springframework.web.client.RestTemplate - Response 200 OK
2025-10-01 00:18:09 [DiscoveryClient-CacheRefreshExecutor-%d] DEBUG org.springframework.web.client.RestTemplate - HTTP GET http://localhost:8761/eureka/apps/delta
2025-10-01 00:18:09 [DiscoveryClient-CacheRefreshExecutor-%d] DEBUG org.springframework.web.client.RestTemplate - Accept=[application/json, application/*+json]
2025-10-01 00:18:09 [DiscoveryClient-CacheRefreshExecutor-%d] DEBUG org.springframework.web.client.RestTemplate - Response 200 OK
2025-10-01 00:18:09 [DiscoveryClient-CacheRefreshExecutor-%d] DEBUG org.springframework.web.client.RestTemplate - Reading to [org.springframework.cloud.netflix.eureka.http.EurekaApplications]
2025-10-01 00:18:39 [DiscoveryClient-HeartbeatExecutor-%d] DEBUG org.springframework.web.client.RestTemplate - HTTP PUT http://localhost:8761/eureka/apps/PRODUCT-SERVICE/product-service:8083?status=UP&lastDirtyTimestamp=1759252833442
2025-10-01 00:18:39 [DiscoveryClient-HeartbeatExecutor-%d] DEBUG org.springframework.web.client.RestTemplate - Accept=[application/json, application/*+json]
2025-10-01 00:18:39 [DiscoveryClient-HeartbeatExecutor-%d] DEBUG org.springframework.web.client.RestTemplate - Response 200 OK
2025-10-01 00:18:39 [DiscoveryClient-CacheRefreshExecutor-%d] DEBUG org.springframework.web.client.RestTemplate - HTTP GET http://localhost:8761/eureka/apps/delta
2025-10-01 00:18:39 [DiscoveryClient-CacheRefreshExecutor-%d] DEBUG org.springframework.web.client.RestTemplate - Accept=[application/json, application/*+json]
2025-10-01 00:18:39 [DiscoveryClient-CacheRefreshExecutor-%d] DEBUG org.springframework.web.client.RestTemplate - Response 200 OK
2025-10-01 00:18:39 [DiscoveryClient-CacheRefreshExecutor-%d] DEBUG org.springframework.web.client.RestTemplate - Reading to [org.springframework.cloud.netflix.eureka.http.EurekaApplications]
2025-10-01 00:19:09 [DiscoveryClient-HeartbeatExecutor-%d] DEBUG org.springframework.web.client.RestTemplate - HTTP PUT http://localhost:8761/eureka/apps/PRODUCT-SERVICE/product-service:8083?status=UP&lastDirtyTimestamp=1759252833442
2025-10-01 00:19:09 [DiscoveryClient-HeartbeatExecutor-%d] DEBUG org.springframework.web.client.RestTemplate - Accept=[application/json, application/*+json]
2025-10-01 00:19:09 [DiscoveryClient-HeartbeatExecutor-%d] DEBUG org.springframework.web.client.RestTemplate - Response 200 OK
2025-10-01 00:19:09 [DiscoveryClient-CacheRefreshExecutor-%d] DEBUG org.springframework.web.client.RestTemplate - HTTP GET http://localhost:8761/eureka/apps/delta
2025-10-01 00:19:09 [DiscoveryClient-CacheRefreshExecutor-%d] DEBUG org.springframework.web.client.RestTemplate - Accept=[application/json, application/*+json]
2025-10-01 00:19:09 [DiscoveryClient-CacheRefreshExecutor-%d] DEBUG org.springframework.web.client.RestTemplate - Response 200 OK
2025-10-01 00:19:09 [DiscoveryClient-CacheRefreshExecutor-%d] DEBUG org.springframework.web.client.RestTemplate - Reading to [org.springframework.cloud.netflix.eureka.http.EurekaApplications]
2025-10-01 00:19:39 [DiscoveryClient-HeartbeatExecutor-%d] DEBUG org.springframework.web.client.RestTemplate - HTTP PUT http://localhost:8761/eureka/apps/PRODUCT-SERVICE/product-service:8083?status=UP&lastDirtyTimestamp=1759252833442
2025-10-01 00:19:39 [DiscoveryClient-HeartbeatExecutor-%d] DEBUG org.springframework.web.client.RestTemplate - Accept=[application/json, application/*+json]
2025-10-01 00:19:39 [DiscoveryClient-HeartbeatExecutor-%d] DEBUG org.springframework.web.client.RestTemplate - Response 200 OK
2025-10-01 00:19:39 [DiscoveryClient-CacheRefreshExecutor-%d] DEBUG org.springframework.web.client.RestTemplate - HTTP GET http://localhost:8761/eureka/apps/delta
2025-10-01 00:19:39 [DiscoveryClient-CacheRefreshExecutor-%d] DEBUG org.springframework.web.client.RestTemplate - Accept=[application/json, application/*+json]
2025-10-01 00:19:39 [DiscoveryClient-CacheRefreshExecutor-%d] DEBUG org.springframework.web.client.RestTemplate - Response 200 OK
2025-10-01 00:19:39 [DiscoveryClient-CacheRefreshExecutor-%d] DEBUG org.springframework.web.client.RestTemplate - Reading to [org.springframework.cloud.netflix.eureka.http.EurekaApplications]
2025-10-01 00:20:09 [DiscoveryClient-HeartbeatExecutor-%d] DEBUG org.springframework.web.client.RestTemplate - HTTP PUT http://localhost:8761/eureka/apps/PRODUCT-SERVICE/product-service:8083?status=UP&lastDirtyTimestamp=1759252833442
2025-10-01 00:20:09 [DiscoveryClient-HeartbeatExecutor-%d] DEBUG org.springframework.web.client.RestTemplate - Accept=[application/json, application/*+json]
2025-10-01 00:20:09 [DiscoveryClient-HeartbeatExecutor-%d] DEBUG org.springframework.web.client.RestTemplate - Response 200 OK
2025-10-01 00:20:09 [DiscoveryClient-CacheRefreshExecutor-%d] DEBUG org.springframework.web.client.RestTemplate - HTTP GET http://localhost:8761/eureka/apps/delta
2025-10-01 00:20:09 [DiscoveryClient-CacheRefreshExecutor-%d] DEBUG org.springframework.web.client.RestTemplate - Accept=[application/json, application/*+json]
2025-10-01 00:20:09 [DiscoveryClient-CacheRefreshExecutor-%d] DEBUG org.springframework.web.client.RestTemplate - Response 200 OK
2025-10-01 00:20:09 [DiscoveryClient-CacheRefreshExecutor-%d] DEBUG org.springframework.web.client.RestTemplate - Reading to [org.springframework.cloud.netflix.eureka.http.EurekaApplications]
2025-10-01 00:20:33 [AsyncResolver-bootstrap-executor-%d] INFO  c.n.d.shared.resolver.aws.ConfigClusterResolver - Resolving eureka endpoints via configuration
2025-10-01 00:20:39 [DiscoveryClient-HeartbeatExecutor-%d] DEBUG org.springframework.web.client.RestTemplate - HTTP PUT http://localhost:8761/eureka/apps/PRODUCT-SERVICE/product-service:8083?status=UP&lastDirtyTimestamp=1759252833442
2025-10-01 00:20:39 [DiscoveryClient-HeartbeatExecutor-%d] DEBUG org.springframework.web.client.RestTemplate - Accept=[application/json, application/*+json]
2025-10-01 00:20:39 [DiscoveryClient-HeartbeatExecutor-%d] DEBUG org.springframework.web.client.RestTemplate - Response 200 OK
2025-10-01 00:20:39 [DiscoveryClient-CacheRefreshExecutor-%d] DEBUG org.springframework.web.client.RestTemplate - HTTP GET http://localhost:8761/eureka/apps/delta
2025-10-01 00:20:39 [DiscoveryClient-CacheRefreshExecutor-%d] DEBUG org.springframework.web.client.RestTemplate - Accept=[application/json, application/*+json]
2025-10-01 00:20:39 [DiscoveryClient-CacheRefreshExecutor-%d] DEBUG org.springframework.web.client.RestTemplate - Response 200 OK
2025-10-01 00:20:39 [DiscoveryClient-CacheRefreshExecutor-%d] DEBUG org.springframework.web.client.RestTemplate - Reading to [org.springframework.cloud.netflix.eureka.http.EurekaApplications]
2025-10-01 00:21:09 [DiscoveryClient-HeartbeatExecutor-%d] DEBUG org.springframework.web.client.RestTemplate - HTTP PUT http://localhost:8761/eureka/apps/PRODUCT-SERVICE/product-service:8083?status=UP&lastDirtyTimestamp=1759252833442
2025-10-01 00:21:09 [DiscoveryClient-HeartbeatExecutor-%d] DEBUG org.springframework.web.client.RestTemplate - Accept=[application/json, application/*+json]
2025-10-01 00:21:09 [DiscoveryClient-HeartbeatExecutor-%d] DEBUG org.springframework.web.client.RestTemplate - Response 200 OK
2025-10-01 00:21:09 [DiscoveryClient-CacheRefreshExecutor-%d] DEBUG org.springframework.web.client.RestTemplate - HTTP GET http://localhost:8761/eureka/apps/delta
2025-10-01 00:21:09 [DiscoveryClient-CacheRefreshExecutor-%d] DEBUG org.springframework.web.client.RestTemplate - Accept=[application/json, application/*+json]
2025-10-01 00:21:09 [DiscoveryClient-CacheRefreshExecutor-%d] DEBUG org.springframework.web.client.RestTemplate - Response 200 OK
2025-10-01 00:21:09 [DiscoveryClient-CacheRefreshExecutor-%d] DEBUG org.springframework.web.client.RestTemplate - Reading to [org.springframework.cloud.netflix.eureka.http.EurekaApplications]
2025-10-01 00:21:39 [DiscoveryClient-HeartbeatExecutor-%d] DEBUG org.springframework.web.client.RestTemplate - HTTP PUT http://localhost:8761/eureka/apps/PRODUCT-SERVICE/product-service:8083?status=UP&lastDirtyTimestamp=1759252833442
2025-10-01 00:21:39 [DiscoveryClient-HeartbeatExecutor-%d] DEBUG org.springframework.web.client.RestTemplate - Accept=[application/json, application/*+json]
2025-10-01 00:21:39 [DiscoveryClient-HeartbeatExecutor-%d] DEBUG org.springframework.web.client.RestTemplate - Response 200 OK
2025-10-01 00:21:39 [DiscoveryClient-CacheRefreshExecutor-%d] DEBUG org.springframework.web.client.RestTemplate - HTTP GET http://localhost:8761/eureka/apps/delta
2025-10-01 00:21:39 [DiscoveryClient-CacheRefreshExecutor-%d] DEBUG org.springframework.web.client.RestTemplate - Accept=[application/json, application/*+json]
2025-10-01 00:21:40 [DiscoveryClient-CacheRefreshExecutor-%d] DEBUG org.springframework.web.client.RestTemplate - Response 200 OK
2025-10-01 00:21:40 [DiscoveryClient-CacheRefreshExecutor-%d] DEBUG org.springframework.web.client.RestTemplate - Reading to [org.springframework.cloud.netflix.eureka.http.EurekaApplications]
2025-10-01 00:22:09 [DiscoveryClient-HeartbeatExecutor-%d] DEBUG org.springframework.web.client.RestTemplate - HTTP PUT http://localhost:8761/eureka/apps/PRODUCT-SERVICE/product-service:8083?status=UP&lastDirtyTimestamp=1759252833442
2025-10-01 00:22:09 [DiscoveryClient-HeartbeatExecutor-%d] DEBUG org.springframework.web.client.RestTemplate - Accept=[application/json, application/*+json]
2025-10-01 00:22:09 [DiscoveryClient-HeartbeatExecutor-%d] DEBUG org.springframework.web.client.RestTemplate - Response 200 OK
2025-10-01 00:22:10 [DiscoveryClient-CacheRefreshExecutor-%d] DEBUG org.springframework.web.client.RestTemplate - HTTP GET http://localhost:8761/eureka/apps/delta
2025-10-01 00:22:10 [DiscoveryClient-CacheRefreshExecutor-%d] DEBUG org.springframework.web.client.RestTemplate - Accept=[application/json, application/*+json]
2025-10-01 00:22:10 [DiscoveryClient-CacheRefreshExecutor-%d] DEBUG org.springframework.web.client.RestTemplate - Response 200 OK
2025-10-01 00:22:10 [DiscoveryClient-CacheRefreshExecutor-%d] DEBUG org.springframework.web.client.RestTemplate - Reading to [org.springframework.cloud.netflix.eureka.http.EurekaApplications]
2025-10-01 00:22:39 [DiscoveryClient-HeartbeatExecutor-%d] DEBUG org.springframework.web.client.RestTemplate - HTTP PUT http://localhost:8761/eureka/apps/PRODUCT-SERVICE/product-service:8083?status=UP&lastDirtyTimestamp=1759252833442
2025-10-01 00:22:39 [DiscoveryClient-HeartbeatExecutor-%d] DEBUG org.springframework.web.client.RestTemplate - Accept=[application/json, application/*+json]
2025-10-01 00:22:39 [DiscoveryClient-HeartbeatExecutor-%d] DEBUG org.springframework.web.client.RestTemplate - Response 200 OK
2025-10-01 00:22:40 [DiscoveryClient-CacheRefreshExecutor-%d] DEBUG org.springframework.web.client.RestTemplate - HTTP GET http://localhost:8761/eureka/apps/delta
2025-10-01 00:22:40 [DiscoveryClient-CacheRefreshExecutor-%d] DEBUG org.springframework.web.client.RestTemplate - Accept=[application/json, application/*+json]
2025-10-01 00:22:40 [DiscoveryClient-CacheRefreshExecutor-%d] DEBUG org.springframework.web.client.RestTemplate - Response 200 OK
2025-10-01 00:22:40 [DiscoveryClient-CacheRefreshExecutor-%d] DEBUG org.springframework.web.client.RestTemplate - Reading to [org.springframework.cloud.netflix.eureka.http.EurekaApplications]
2025-10-01 00:23:09 [DiscoveryClient-HeartbeatExecutor-%d] DEBUG org.springframework.web.client.RestTemplate - HTTP PUT http://localhost:8761/eureka/apps/PRODUCT-SERVICE/product-service:8083?status=UP&lastDirtyTimestamp=1759252833442
2025-10-01 00:23:09 [DiscoveryClient-HeartbeatExecutor-%d] DEBUG org.springframework.web.client.RestTemplate - Accept=[application/json, application/*+json]
2025-10-01 00:23:09 [DiscoveryClient-HeartbeatExecutor-%d] DEBUG org.springframework.web.client.RestTemplate - Response 200 OK
2025-10-01 00:23:10 [DiscoveryClient-CacheRefreshExecutor-%d] DEBUG org.springframework.web.client.RestTemplate - HTTP GET http://localhost:8761/eureka/apps/delta
2025-10-01 00:23:10 [DiscoveryClient-CacheRefreshExecutor-%d] DEBUG org.springframework.web.client.RestTemplate - Accept=[application/json, application/*+json]
2025-10-01 00:23:10 [DiscoveryClient-CacheRefreshExecutor-%d] DEBUG org.springframework.web.client.RestTemplate - Response 200 OK
2025-10-01 00:23:10 [DiscoveryClient-CacheRefreshExecutor-%d] DEBUG org.springframework.web.client.RestTemplate - Reading to [org.springframework.cloud.netflix.eureka.http.EurekaApplications]
2025-10-01 00:23:39 [DiscoveryClient-HeartbeatExecutor-%d] DEBUG org.springframework.web.client.RestTemplate - HTTP PUT http://localhost:8761/eureka/apps/PRODUCT-SERVICE/product-service:8083?status=UP&lastDirtyTimestamp=1759252833442
2025-10-01 00:23:39 [DiscoveryClient-HeartbeatExecutor-%d] DEBUG org.springframework.web.client.RestTemplate - Accept=[application/json, application/*+json]
2025-10-01 00:23:39 [DiscoveryClient-HeartbeatExecutor-%d] DEBUG org.springframework.web.client.RestTemplate - Response 200 OK
2025-10-01 00:23:40 [DiscoveryClient-CacheRefreshExecutor-%d] DEBUG org.springframework.web.client.RestTemplate - HTTP GET http://localhost:8761/eureka/apps/delta
2025-10-01 00:23:40 [DiscoveryClient-CacheRefreshExecutor-%d] DEBUG org.springframework.web.client.RestTemplate - Accept=[application/json, application/*+json]
2025-10-01 00:23:40 [DiscoveryClient-CacheRefreshExecutor-%d] DEBUG org.springframework.web.client.RestTemplate - Response 200 OK
2025-10-01 00:23:40 [DiscoveryClient-CacheRefreshExecutor-%d] DEBUG org.springframework.web.client.RestTemplate - Reading to [org.springframework.cloud.netflix.eureka.http.EurekaApplications]
2025-10-01 00:24:09 [DiscoveryClient-HeartbeatExecutor-%d] DEBUG org.springframework.web.client.RestTemplate - HTTP PUT http://localhost:8761/eureka/apps/PRODUCT-SERVICE/product-service:8083?status=UP&lastDirtyTimestamp=1759252833442
2025-10-01 00:24:09 [DiscoveryClient-HeartbeatExecutor-%d] DEBUG org.springframework.web.client.RestTemplate - Accept=[application/json, application/*+json]
2025-10-01 00:24:09 [DiscoveryClient-HeartbeatExecutor-%d] DEBUG org.springframework.web.client.RestTemplate - Response 200 OK
2025-10-01 00:24:10 [DiscoveryClient-CacheRefreshExecutor-%d] DEBUG org.springframework.web.client.RestTemplate - HTTP GET http://localhost:8761/eureka/apps/delta
2025-10-01 00:24:10 [DiscoveryClient-CacheRefreshExecutor-%d] DEBUG org.springframework.web.client.RestTemplate - Accept=[application/json, application/*+json]
2025-10-01 00:24:10 [DiscoveryClient-CacheRefreshExecutor-%d] DEBUG org.springframework.web.client.RestTemplate - Response 200 OK
2025-10-01 00:24:10 [DiscoveryClient-CacheRefreshExecutor-%d] DEBUG org.springframework.web.client.RestTemplate - Reading to [org.springframework.cloud.netflix.eureka.http.EurekaApplications]
2025-10-01 00:24:39 [DiscoveryClient-HeartbeatExecutor-%d] DEBUG org.springframework.web.client.RestTemplate - HTTP PUT http://localhost:8761/eureka/apps/PRODUCT-SERVICE/product-service:8083?status=UP&lastDirtyTimestamp=1759252833442
2025-10-01 00:24:39 [DiscoveryClient-HeartbeatExecutor-%d] DEBUG org.springframework.web.client.RestTemplate - Accept=[application/json, application/*+json]
2025-10-01 00:24:39 [DiscoveryClient-HeartbeatExecutor-%d] DEBUG org.springframework.web.client.RestTemplate - Response 200 OK
2025-10-01 00:24:40 [DiscoveryClient-CacheRefreshExecutor-%d] DEBUG org.springframework.web.client.RestTemplate - HTTP GET http://localhost:8761/eureka/apps/delta
2025-10-01 00:24:40 [DiscoveryClient-CacheRefreshExecutor-%d] DEBUG org.springframework.web.client.RestTemplate - Accept=[application/json, application/*+json]
2025-10-01 00:24:40 [DiscoveryClient-CacheRefreshExecutor-%d] DEBUG org.springframework.web.client.RestTemplate - Response 200 OK
2025-10-01 00:24:40 [DiscoveryClient-CacheRefreshExecutor-%d] DEBUG org.springframework.web.client.RestTemplate - Reading to [org.springframework.cloud.netflix.eureka.http.EurekaApplications]
2025-10-01 00:25:09 [DiscoveryClient-HeartbeatExecutor-%d] DEBUG org.springframework.web.client.RestTemplate - HTTP PUT http://localhost:8761/eureka/apps/PRODUCT-SERVICE/product-service:8083?status=UP&lastDirtyTimestamp=1759252833442
2025-10-01 00:25:09 [DiscoveryClient-HeartbeatExecutor-%d] DEBUG org.springframework.web.client.RestTemplate - Accept=[application/json, application/*+json]
2025-10-01 00:25:09 [DiscoveryClient-HeartbeatExecutor-%d] DEBUG org.springframework.web.client.RestTemplate - Response 200 OK
2025-10-01 00:25:10 [DiscoveryClient-CacheRefreshExecutor-%d] DEBUG org.springframework.web.client.RestTemplate - HTTP GET http://localhost:8761/eureka/apps/delta
2025-10-01 00:25:10 [DiscoveryClient-CacheRefreshExecutor-%d] DEBUG org.springframework.web.client.RestTemplate - Accept=[application/json, application/*+json]
2025-10-01 00:25:10 [DiscoveryClient-CacheRefreshExecutor-%d] DEBUG org.springframework.web.client.RestTemplate - Response 200 OK
2025-10-01 00:25:10 [DiscoveryClient-CacheRefreshExecutor-%d] DEBUG org.springframework.web.client.RestTemplate - Reading to [org.springframework.cloud.netflix.eureka.http.EurekaApplications]
2025-10-01 00:25:33 [AsyncResolver-bootstrap-executor-%d] INFO  c.n.d.shared.resolver.aws.ConfigClusterResolver - Resolving eureka endpoints via configuration
2025-10-01 00:25:39 [DiscoveryClient-HeartbeatExecutor-%d] DEBUG org.springframework.web.client.RestTemplate - HTTP PUT http://localhost:8761/eureka/apps/PRODUCT-SERVICE/product-service:8083?status=UP&lastDirtyTimestamp=1759252833442
2025-10-01 00:25:39 [DiscoveryClient-HeartbeatExecutor-%d] DEBUG org.springframework.web.client.RestTemplate - Accept=[application/json, application/*+json]
2025-10-01 00:25:39 [DiscoveryClient-HeartbeatExecutor-%d] DEBUG org.springframework.web.client.RestTemplate - Response 200 OK
2025-10-01 00:25:40 [DiscoveryClient-CacheRefreshExecutor-%d] DEBUG org.springframework.web.client.RestTemplate - HTTP GET http://localhost:8761/eureka/apps/delta
2025-10-01 00:25:40 [DiscoveryClient-CacheRefreshExecutor-%d] DEBUG org.springframework.web.client.RestTemplate - Accept=[application/json, application/*+json]
2025-10-01 00:25:40 [DiscoveryClient-CacheRefreshExecutor-%d] DEBUG org.springframework.web.client.RestTemplate - Response 200 OK
2025-10-01 00:25:40 [DiscoveryClient-CacheRefreshExecutor-%d] DEBUG org.springframework.web.client.RestTemplate - Reading to [org.springframework.cloud.netflix.eureka.http.EurekaApplications]
2025-10-01 00:26:09 [DiscoveryClient-HeartbeatExecutor-%d] DEBUG org.springframework.web.client.RestTemplate - HTTP PUT http://localhost:8761/eureka/apps/PRODUCT-SERVICE/product-service:8083?status=UP&lastDirtyTimestamp=1759252833442
2025-10-01 00:26:09 [DiscoveryClient-HeartbeatExecutor-%d] DEBUG org.springframework.web.client.RestTemplate - Accept=[application/json, application/*+json]
2025-10-01 00:26:09 [DiscoveryClient-HeartbeatExecutor-%d] DEBUG org.springframework.web.client.RestTemplate - Response 200 OK
2025-10-01 00:26:10 [DiscoveryClient-CacheRefreshExecutor-%d] DEBUG org.springframework.web.client.RestTemplate - HTTP GET http://localhost:8761/eureka/apps/delta
2025-10-01 00:26:10 [DiscoveryClient-CacheRefreshExecutor-%d] DEBUG org.springframework.web.client.RestTemplate - Accept=[application/json, application/*+json]
2025-10-01 00:26:10 [DiscoveryClient-CacheRefreshExecutor-%d] DEBUG org.springframework.web.client.RestTemplate - Response 200 OK
2025-10-01 00:26:10 [DiscoveryClient-CacheRefreshExecutor-%d] DEBUG org.springframework.web.client.RestTemplate - Reading to [org.springframework.cloud.netflix.eureka.http.EurekaApplications]
2025-10-01 00:26:39 [DiscoveryClient-HeartbeatExecutor-%d] DEBUG org.springframework.web.client.RestTemplate - HTTP PUT http://localhost:8761/eureka/apps/PRODUCT-SERVICE/product-service:8083?status=UP&lastDirtyTimestamp=1759252833442
2025-10-01 00:26:39 [DiscoveryClient-HeartbeatExecutor-%d] DEBUG org.springframework.web.client.RestTemplate - Accept=[application/json, application/*+json]
2025-10-01 00:26:39 [DiscoveryClient-HeartbeatExecutor-%d] DEBUG org.springframework.web.client.RestTemplate - Response 200 OK
2025-10-01 00:26:40 [DiscoveryClient-CacheRefreshExecutor-%d] DEBUG org.springframework.web.client.RestTemplate - HTTP GET http://localhost:8761/eureka/apps/delta
2025-10-01 00:26:40 [DiscoveryClient-CacheRefreshExecutor-%d] DEBUG org.springframework.web.client.RestTemplate - Accept=[application/json, application/*+json]
2025-10-01 00:26:40 [DiscoveryClient-CacheRefreshExecutor-%d] DEBUG org.springframework.web.client.RestTemplate - Response 200 OK
2025-10-01 00:26:40 [DiscoveryClient-CacheRefreshExecutor-%d] DEBUG org.springframework.web.client.RestTemplate - Reading to [org.springframework.cloud.netflix.eureka.http.EurekaApplications]
2025-10-01 00:27:09 [DiscoveryClient-HeartbeatExecutor-%d] DEBUG org.springframework.web.client.RestTemplate - HTTP PUT http://localhost:8761/eureka/apps/PRODUCT-SERVICE/product-service:8083?status=UP&lastDirtyTimestamp=1759252833442
2025-10-01 00:27:09 [DiscoveryClient-HeartbeatExecutor-%d] DEBUG org.springframework.web.client.RestTemplate - Accept=[application/json, application/*+json]
2025-10-01 00:27:09 [DiscoveryClient-HeartbeatExecutor-%d] DEBUG org.springframework.web.client.RestTemplate - Response 200 OK
2025-10-01 00:27:10 [DiscoveryClient-CacheRefreshExecutor-%d] DEBUG org.springframework.web.client.RestTemplate - HTTP GET http://localhost:8761/eureka/apps/delta
2025-10-01 00:27:10 [DiscoveryClient-CacheRefreshExecutor-%d] DEBUG org.springframework.web.client.RestTemplate - Accept=[application/json, application/*+json]
2025-10-01 00:27:10 [DiscoveryClient-CacheRefreshExecutor-%d] DEBUG org.springframework.web.client.RestTemplate - Response 200 OK
2025-10-01 00:27:10 [DiscoveryClient-CacheRefreshExecutor-%d] DEBUG org.springframework.web.client.RestTemplate - Reading to [org.springframework.cloud.netflix.eureka.http.EurekaApplications]
2025-10-01 00:27:39 [DiscoveryClient-HeartbeatExecutor-%d] DEBUG org.springframework.web.client.RestTemplate - HTTP PUT http://localhost:8761/eureka/apps/PRODUCT-SERVICE/product-service:8083?status=UP&lastDirtyTimestamp=1759252833442
2025-10-01 00:27:39 [DiscoveryClient-HeartbeatExecutor-%d] DEBUG org.springframework.web.client.RestTemplate - Accept=[application/json, application/*+json]
2025-10-01 00:27:39 [DiscoveryClient-HeartbeatExecutor-%d] DEBUG org.springframework.web.client.RestTemplate - Response 200 OK
2025-10-01 00:27:40 [DiscoveryClient-CacheRefreshExecutor-%d] DEBUG org.springframework.web.client.RestTemplate - HTTP GET http://localhost:8761/eureka/apps/delta
2025-10-01 00:27:40 [DiscoveryClient-CacheRefreshExecutor-%d] DEBUG org.springframework.web.client.RestTemplate - Accept=[application/json, application/*+json]
2025-10-01 00:27:40 [DiscoveryClient-CacheRefreshExecutor-%d] DEBUG org.springframework.web.client.RestTemplate - Response 200 OK
2025-10-01 00:27:40 [DiscoveryClient-CacheRefreshExecutor-%d] DEBUG org.springframework.web.client.RestTemplate - Reading to [org.springframework.cloud.netflix.eureka.http.EurekaApplications]
2025-10-01 00:28:09 [DiscoveryClient-HeartbeatExecutor-%d] DEBUG org.springframework.web.client.RestTemplate - HTTP PUT http://localhost:8761/eureka/apps/PRODUCT-SERVICE/product-service:8083?status=UP&lastDirtyTimestamp=1759252833442
2025-10-01 00:28:09 [DiscoveryClient-HeartbeatExecutor-%d] DEBUG org.springframework.web.client.RestTemplate - Accept=[application/json, application/*+json]
2025-10-01 00:28:09 [DiscoveryClient-HeartbeatExecutor-%d] DEBUG org.springframework.web.client.RestTemplate - Response 200 OK
2025-10-01 00:28:10 [DiscoveryClient-CacheRefreshExecutor-%d] DEBUG org.springframework.web.client.RestTemplate - HTTP GET http://localhost:8761/eureka/apps/delta
2025-10-01 00:28:10 [DiscoveryClient-CacheRefreshExecutor-%d] DEBUG org.springframework.web.client.RestTemplate - Accept=[application/json, application/*+json]
2025-10-01 00:28:10 [DiscoveryClient-CacheRefreshExecutor-%d] DEBUG org.springframework.web.client.RestTemplate - Response 200 OK
2025-10-01 00:28:10 [DiscoveryClient-CacheRefreshExecutor-%d] DEBUG org.springframework.web.client.RestTemplate - Reading to [org.springframework.cloud.netflix.eureka.http.EurekaApplications]
2025-10-01 00:28:39 [DiscoveryClient-HeartbeatExecutor-%d] DEBUG org.springframework.web.client.RestTemplate - HTTP PUT http://localhost:8761/eureka/apps/PRODUCT-SERVICE/product-service:8083?status=UP&lastDirtyTimestamp=1759252833442
2025-10-01 00:28:39 [DiscoveryClient-HeartbeatExecutor-%d] DEBUG org.springframework.web.client.RestTemplate - Accept=[application/json, application/*+json]
2025-10-01 00:28:39 [DiscoveryClient-HeartbeatExecutor-%d] DEBUG org.springframework.web.client.RestTemplate - Response 200 OK
2025-10-01 00:28:40 [DiscoveryClient-CacheRefreshExecutor-%d] DEBUG org.springframework.web.client.RestTemplate - HTTP GET http://localhost:8761/eureka/apps/delta
2025-10-01 00:28:40 [DiscoveryClient-CacheRefreshExecutor-%d] DEBUG org.springframework.web.client.RestTemplate - Accept=[application/json, application/*+json]
2025-10-01 00:28:40 [DiscoveryClient-CacheRefreshExecutor-%d] DEBUG org.springframework.web.client.RestTemplate - Response 200 OK
2025-10-01 00:28:40 [DiscoveryClient-CacheRefreshExecutor-%d] DEBUG org.springframework.web.client.RestTemplate - Reading to [org.springframework.cloud.netflix.eureka.http.EurekaApplications]
2025-10-01 00:29:09 [DiscoveryClient-HeartbeatExecutor-%d] DEBUG org.springframework.web.client.RestTemplate - HTTP PUT http://localhost:8761/eureka/apps/PRODUCT-SERVICE/product-service:8083?status=UP&lastDirtyTimestamp=1759252833442
2025-10-01 00:29:09 [DiscoveryClient-HeartbeatExecutor-%d] DEBUG org.springframework.web.client.RestTemplate - Accept=[application/json, application/*+json]
2025-10-01 00:29:09 [DiscoveryClient-HeartbeatExecutor-%d] DEBUG org.springframework.web.client.RestTemplate - Response 200 OK
2025-10-01 00:29:10 [DiscoveryClient-CacheRefreshExecutor-%d] DEBUG org.springframework.web.client.RestTemplate - HTTP GET http://localhost:8761/eureka/apps/delta
2025-10-01 00:29:10 [DiscoveryClient-CacheRefreshExecutor-%d] DEBUG org.springframework.web.client.RestTemplate - Accept=[application/json, application/*+json]
2025-10-01 00:29:10 [DiscoveryClient-CacheRefreshExecutor-%d] DEBUG org.springframework.web.client.RestTemplate - Response 200 OK
2025-10-01 00:29:10 [DiscoveryClient-CacheRefreshExecutor-%d] DEBUG org.springframework.web.client.RestTemplate - Reading to [org.springframework.cloud.netflix.eureka.http.EurekaApplications]
2025-10-01 00:29:39 [DiscoveryClient-HeartbeatExecutor-%d] DEBUG org.springframework.web.client.RestTemplate - HTTP PUT http://localhost:8761/eureka/apps/PRODUCT-SERVICE/product-service:8083?status=UP&lastDirtyTimestamp=1759252833442
2025-10-01 00:29:39 [DiscoveryClient-HeartbeatExecutor-%d] DEBUG org.springframework.web.client.RestTemplate - Accept=[application/json, application/*+json]
2025-10-01 00:29:39 [DiscoveryClient-HeartbeatExecutor-%d] DEBUG org.springframework.web.client.RestTemplate - Response 200 OK
2025-10-01 00:29:40 [DiscoveryClient-CacheRefreshExecutor-%d] DEBUG org.springframework.web.client.RestTemplate - HTTP GET http://localhost:8761/eureka/apps/delta
2025-10-01 00:29:40 [DiscoveryClient-CacheRefreshExecutor-%d] DEBUG org.springframework.web.client.RestTemplate - Accept=[application/json, application/*+json]
2025-10-01 00:29:40 [DiscoveryClient-CacheRefreshExecutor-%d] DEBUG org.springframework.web.client.RestTemplate - Response 200 OK
2025-10-01 00:29:40 [DiscoveryClient-CacheRefreshExecutor-%d] DEBUG org.springframework.web.client.RestTemplate - Reading to [org.springframework.cloud.netflix.eureka.http.EurekaApplications]
2025-10-01 00:30:09 [DiscoveryClient-HeartbeatExecutor-%d] DEBUG org.springframework.web.client.RestTemplate - HTTP PUT http://localhost:8761/eureka/apps/PRODUCT-SERVICE/product-service:8083?status=UP&lastDirtyTimestamp=1759252833442
2025-10-01 00:30:09 [DiscoveryClient-HeartbeatExecutor-%d] DEBUG org.springframework.web.client.RestTemplate - Accept=[application/json, application/*+json]
2025-10-01 00:30:09 [DiscoveryClient-HeartbeatExecutor-%d] DEBUG org.springframework.web.client.RestTemplate - Response 200 OK
2025-10-01 00:30:10 [DiscoveryClient-CacheRefreshExecutor-%d] DEBUG org.springframework.web.client.RestTemplate - HTTP GET http://localhost:8761/eureka/apps/delta
2025-10-01 00:30:10 [DiscoveryClient-CacheRefreshExecutor-%d] DEBUG org.springframework.web.client.RestTemplate - Accept=[application/json, application/*+json]
2025-10-01 00:30:10 [DiscoveryClient-CacheRefreshExecutor-%d] DEBUG org.springframework.web.client.RestTemplate - Response 200 OK
2025-10-01 00:30:10 [DiscoveryClient-CacheRefreshExecutor-%d] DEBUG org.springframework.web.client.RestTemplate - Reading to [org.springframework.cloud.netflix.eureka.http.EurekaApplications]
2025-10-01 00:30:33 [AsyncResolver-bootstrap-executor-%d] INFO  c.n.d.shared.resolver.aws.ConfigClusterResolver - Resolving eureka endpoints via configuration
2025-10-01 00:30:39 [DiscoveryClient-HeartbeatExecutor-%d] DEBUG org.springframework.web.client.RestTemplate - HTTP PUT http://localhost:8761/eureka/apps/PRODUCT-SERVICE/product-service:8083?status=UP&lastDirtyTimestamp=1759252833442
2025-10-01 00:30:39 [DiscoveryClient-HeartbeatExecutor-%d] DEBUG org.springframework.web.client.RestTemplate - Accept=[application/json, application/*+json]
2025-10-01 00:30:39 [DiscoveryClient-HeartbeatExecutor-%d] DEBUG org.springframework.web.client.RestTemplate - Response 200 OK
2025-10-01 00:30:40 [DiscoveryClient-CacheRefreshExecutor-%d] DEBUG org.springframework.web.client.RestTemplate - HTTP GET http://localhost:8761/eureka/apps/delta
2025-10-01 00:30:40 [DiscoveryClient-CacheRefreshExecutor-%d] DEBUG org.springframework.web.client.RestTemplate - Accept=[application/json, application/*+json]
2025-10-01 00:30:40 [DiscoveryClient-CacheRefreshExecutor-%d] DEBUG org.springframework.web.client.RestTemplate - Response 200 OK
2025-10-01 00:30:40 [DiscoveryClient-CacheRefreshExecutor-%d] DEBUG org.springframework.web.client.RestTemplate - Reading to [org.springframework.cloud.netflix.eureka.http.EurekaApplications]
2025-10-01 00:31:09 [DiscoveryClient-HeartbeatExecutor-%d] DEBUG org.springframework.web.client.RestTemplate - HTTP PUT http://localhost:8761/eureka/apps/PRODUCT-SERVICE/product-service:8083?status=UP&lastDirtyTimestamp=1759252833442
2025-10-01 00:31:09 [DiscoveryClient-HeartbeatExecutor-%d] DEBUG org.springframework.web.client.RestTemplate - Accept=[application/json, application/*+json]
2025-10-01 00:31:09 [DiscoveryClient-HeartbeatExecutor-%d] DEBUG org.springframework.web.client.RestTemplate - Response 200 OK
2025-10-01 00:31:10 [DiscoveryClient-CacheRefreshExecutor-%d] DEBUG org.springframework.web.client.RestTemplate - HTTP GET http://localhost:8761/eureka/apps/delta
2025-10-01 00:31:10 [DiscoveryClient-CacheRefreshExecutor-%d] DEBUG org.springframework.web.client.RestTemplate - Accept=[application/json, application/*+json]
2025-10-01 00:31:10 [DiscoveryClient-CacheRefreshExecutor-%d] DEBUG org.springframework.web.client.RestTemplate - Response 200 OK
2025-10-01 00:31:10 [DiscoveryClient-CacheRefreshExecutor-%d] DEBUG org.springframework.web.client.RestTemplate - Reading to [org.springframework.cloud.netflix.eureka.http.EurekaApplications]
2025-10-01 00:31:39 [DiscoveryClient-HeartbeatExecutor-%d] DEBUG org.springframework.web.client.RestTemplate - HTTP PUT http://localhost:8761/eureka/apps/PRODUCT-SERVICE/product-service:8083?status=UP&lastDirtyTimestamp=1759252833442
2025-10-01 00:31:39 [DiscoveryClient-HeartbeatExecutor-%d] DEBUG org.springframework.web.client.RestTemplate - Accept=[application/json, application/*+json]
2025-10-01 00:31:39 [DiscoveryClient-HeartbeatExecutor-%d] DEBUG org.springframework.web.client.RestTemplate - Response 200 OK
2025-10-01 00:31:40 [DiscoveryClient-CacheRefreshExecutor-%d] DEBUG org.springframework.web.client.RestTemplate - HTTP GET http://localhost:8761/eureka/apps/delta
2025-10-01 00:31:40 [DiscoveryClient-CacheRefreshExecutor-%d] DEBUG org.springframework.web.client.RestTemplate - Accept=[application/json, application/*+json]
2025-10-01 00:31:40 [DiscoveryClient-CacheRefreshExecutor-%d] DEBUG org.springframework.web.client.RestTemplate - Response 200 OK
2025-10-01 00:31:40 [DiscoveryClient-CacheRefreshExecutor-%d] DEBUG org.springframework.web.client.RestTemplate - Reading to [org.springframework.cloud.netflix.eureka.http.EurekaApplications]
2025-10-01 00:32:09 [DiscoveryClient-HeartbeatExecutor-%d] DEBUG org.springframework.web.client.RestTemplate - HTTP PUT http://localhost:8761/eureka/apps/PRODUCT-SERVICE/product-service:8083?status=UP&lastDirtyTimestamp=1759252833442
2025-10-01 00:32:09 [DiscoveryClient-HeartbeatExecutor-%d] DEBUG org.springframework.web.client.RestTemplate - Accept=[application/json, application/*+json]
2025-10-01 00:32:09 [DiscoveryClient-HeartbeatExecutor-%d] DEBUG org.springframework.web.client.RestTemplate - Response 200 OK
2025-10-01 00:32:10 [DiscoveryClient-CacheRefreshExecutor-%d] DEBUG org.springframework.web.client.RestTemplate - HTTP GET http://localhost:8761/eureka/apps/delta
2025-10-01 00:32:10 [DiscoveryClient-CacheRefreshExecutor-%d] DEBUG org.springframework.web.client.RestTemplate - Accept=[application/json, application/*+json]
2025-10-01 00:32:10 [DiscoveryClient-CacheRefreshExecutor-%d] DEBUG org.springframework.web.client.RestTemplate - Response 200 OK
2025-10-01 00:32:10 [DiscoveryClient-CacheRefreshExecutor-%d] DEBUG org.springframework.web.client.RestTemplate - Reading to [org.springframework.cloud.netflix.eureka.http.EurekaApplications]
2025-10-01 00:32:39 [DiscoveryClient-HeartbeatExecutor-%d] DEBUG org.springframework.web.client.RestTemplate - HTTP PUT http://localhost:8761/eureka/apps/PRODUCT-SERVICE/product-service:8083?status=UP&lastDirtyTimestamp=1759252833442
2025-10-01 00:32:39 [DiscoveryClient-HeartbeatExecutor-%d] DEBUG org.springframework.web.client.RestTemplate - Accept=[application/json, application/*+json]
2025-10-01 00:32:39 [DiscoveryClient-HeartbeatExecutor-%d] DEBUG org.springframework.web.client.RestTemplate - Response 200 OK
2025-10-01 00:32:40 [DiscoveryClient-CacheRefreshExecutor-%d] DEBUG org.springframework.web.client.RestTemplate - HTTP GET http://localhost:8761/eureka/apps/delta
2025-10-01 00:32:40 [DiscoveryClient-CacheRefreshExecutor-%d] DEBUG org.springframework.web.client.RestTemplate - Accept=[application/json, application/*+json]
2025-10-01 00:32:40 [DiscoveryClient-CacheRefreshExecutor-%d] DEBUG org.springframework.web.client.RestTemplate - Response 200 OK
2025-10-01 00:32:40 [DiscoveryClient-CacheRefreshExecutor-%d] DEBUG org.springframework.web.client.RestTemplate - Reading to [org.springframework.cloud.netflix.eureka.http.EurekaApplications]
2025-10-01 00:33:09 [DiscoveryClient-HeartbeatExecutor-%d] DEBUG org.springframework.web.client.RestTemplate - HTTP PUT http://localhost:8761/eureka/apps/PRODUCT-SERVICE/product-service:8083?status=UP&lastDirtyTimestamp=1759252833442
2025-10-01 00:33:09 [DiscoveryClient-HeartbeatExecutor-%d] DEBUG org.springframework.web.client.RestTemplate - Accept=[application/json, application/*+json]
2025-10-01 00:33:09 [DiscoveryClient-HeartbeatExecutor-%d] DEBUG org.springframework.web.client.RestTemplate - Response 200 OK
2025-10-01 00:33:10 [DiscoveryClient-CacheRefreshExecutor-%d] DEBUG org.springframework.web.client.RestTemplate - HTTP GET http://localhost:8761/eureka/apps/delta
2025-10-01 00:33:10 [DiscoveryClient-CacheRefreshExecutor-%d] DEBUG org.springframework.web.client.RestTemplate - Accept=[application/json, application/*+json]
2025-10-01 00:33:10 [DiscoveryClient-CacheRefreshExecutor-%d] DEBUG org.springframework.web.client.RestTemplate - Response 200 OK
2025-10-01 00:33:10 [DiscoveryClient-CacheRefreshExecutor-%d] DEBUG org.springframework.web.client.RestTemplate - Reading to [org.springframework.cloud.netflix.eureka.http.EurekaApplications]
2025-10-01 00:33:39 [DiscoveryClient-HeartbeatExecutor-%d] DEBUG org.springframework.web.client.RestTemplate - HTTP PUT http://localhost:8761/eureka/apps/PRODUCT-SERVICE/product-service:8083?status=UP&lastDirtyTimestamp=1759252833442
2025-10-01 00:33:39 [DiscoveryClient-HeartbeatExecutor-%d] DEBUG org.springframework.web.client.RestTemplate - Accept=[application/json, application/*+json]
2025-10-01 00:33:39 [DiscoveryClient-HeartbeatExecutor-%d] DEBUG org.springframework.web.client.RestTemplate - Response 200 OK
2025-10-01 00:33:40 [DiscoveryClient-CacheRefreshExecutor-%d] DEBUG org.springframework.web.client.RestTemplate - HTTP GET http://localhost:8761/eureka/apps/delta
2025-10-01 00:33:40 [DiscoveryClient-CacheRefreshExecutor-%d] DEBUG org.springframework.web.client.RestTemplate - Accept=[application/json, application/*+json]
2025-10-01 00:33:40 [DiscoveryClient-CacheRefreshExecutor-%d] DEBUG org.springframework.web.client.RestTemplate - Response 200 OK
2025-10-01 00:33:40 [DiscoveryClient-CacheRefreshExecutor-%d] DEBUG org.springframework.web.client.RestTemplate - Reading to [org.springframework.cloud.netflix.eureka.http.EurekaApplications]
2025-10-01 00:34:09 [DiscoveryClient-HeartbeatExecutor-%d] DEBUG org.springframework.web.client.RestTemplate - HTTP PUT http://localhost:8761/eureka/apps/PRODUCT-SERVICE/product-service:8083?status=UP&lastDirtyTimestamp=1759252833442
2025-10-01 00:34:09 [DiscoveryClient-HeartbeatExecutor-%d] DEBUG org.springframework.web.client.RestTemplate - Accept=[application/json, application/*+json]
2025-10-01 00:34:09 [DiscoveryClient-HeartbeatExecutor-%d] DEBUG org.springframework.web.client.RestTemplate - Response 200 OK
2025-10-01 00:34:10 [DiscoveryClient-CacheRefreshExecutor-%d] DEBUG org.springframework.web.client.RestTemplate - HTTP GET http://localhost:8761/eureka/apps/delta
2025-10-01 00:34:10 [DiscoveryClient-CacheRefreshExecutor-%d] DEBUG org.springframework.web.client.RestTemplate - Accept=[application/json, application/*+json]
2025-10-01 00:34:10 [DiscoveryClient-CacheRefreshExecutor-%d] DEBUG org.springframework.web.client.RestTemplate - Response 200 OK
2025-10-01 00:34:10 [DiscoveryClient-CacheRefreshExecutor-%d] DEBUG org.springframework.web.client.RestTemplate - Reading to [org.springframework.cloud.netflix.eureka.http.EurekaApplications]
2025-10-01 00:34:39 [DiscoveryClient-HeartbeatExecutor-%d] DEBUG org.springframework.web.client.RestTemplate - HTTP PUT http://localhost:8761/eureka/apps/PRODUCT-SERVICE/product-service:8083?status=UP&lastDirtyTimestamp=1759252833442
2025-10-01 00:34:39 [DiscoveryClient-HeartbeatExecutor-%d] DEBUG org.springframework.web.client.RestTemplate - Accept=[application/json, application/*+json]
2025-10-01 00:34:39 [DiscoveryClient-HeartbeatExecutor-%d] DEBUG org.springframework.web.client.RestTemplate - Response 200 OK
2025-10-01 00:34:40 [DiscoveryClient-CacheRefreshExecutor-%d] DEBUG org.springframework.web.client.RestTemplate - HTTP GET http://localhost:8761/eureka/apps/delta
2025-10-01 00:34:40 [DiscoveryClient-CacheRefreshExecutor-%d] DEBUG org.springframework.web.client.RestTemplate - Accept=[application/json, application/*+json]
2025-10-01 00:34:40 [DiscoveryClient-CacheRefreshExecutor-%d] DEBUG org.springframework.web.client.RestTemplate - Response 200 OK
2025-10-01 00:34:40 [DiscoveryClient-CacheRefreshExecutor-%d] DEBUG org.springframework.web.client.RestTemplate - Reading to [org.springframework.cloud.netflix.eureka.http.EurekaApplications]
2025-10-01 00:35:09 [DiscoveryClient-HeartbeatExecutor-%d] DEBUG org.springframework.web.client.RestTemplate - HTTP PUT http://localhost:8761/eureka/apps/PRODUCT-SERVICE/product-service:8083?status=UP&lastDirtyTimestamp=1759252833442
2025-10-01 00:35:09 [DiscoveryClient-HeartbeatExecutor-%d] DEBUG org.springframework.web.client.RestTemplate - Accept=[application/json, application/*+json]
2025-10-01 00:35:09 [DiscoveryClient-HeartbeatExecutor-%d] DEBUG org.springframework.web.client.RestTemplate - Response 200 OK
2025-10-01 00:35:10 [DiscoveryClient-CacheRefreshExecutor-%d] DEBUG org.springframework.web.client.RestTemplate - HTTP GET http://localhost:8761/eureka/apps/delta
2025-10-01 00:35:10 [DiscoveryClient-CacheRefreshExecutor-%d] DEBUG org.springframework.web.client.RestTemplate - Accept=[application/json, application/*+json]
2025-10-01 00:35:10 [DiscoveryClient-CacheRefreshExecutor-%d] DEBUG org.springframework.web.client.RestTemplate - Response 200 OK
2025-10-01 00:35:10 [DiscoveryClient-CacheRefreshExecutor-%d] DEBUG org.springframework.web.client.RestTemplate - Reading to [org.springframework.cloud.netflix.eureka.http.EurekaApplications]
2025-10-01 00:35:33 [AsyncResolver-bootstrap-executor-%d] INFO  c.n.d.shared.resolver.aws.ConfigClusterResolver - Resolving eureka endpoints via configuration
2025-10-01 00:35:39 [DiscoveryClient-HeartbeatExecutor-%d] DEBUG org.springframework.web.client.RestTemplate - HTTP PUT http://localhost:8761/eureka/apps/PRODUCT-SERVICE/product-service:8083?status=UP&lastDirtyTimestamp=1759252833442
2025-10-01 00:35:39 [DiscoveryClient-HeartbeatExecutor-%d] DEBUG org.springframework.web.client.RestTemplate - Accept=[application/json, application/*+json]
2025-10-01 00:35:39 [DiscoveryClient-HeartbeatExecutor-%d] DEBUG org.springframework.web.client.RestTemplate - Response 200 OK
2025-10-01 00:35:40 [DiscoveryClient-CacheRefreshExecutor-%d] DEBUG org.springframework.web.client.RestTemplate - HTTP GET http://localhost:8761/eureka/apps/delta
2025-10-01 00:35:40 [DiscoveryClient-CacheRefreshExecutor-%d] DEBUG org.springframework.web.client.RestTemplate - Accept=[application/json, application/*+json]
2025-10-01 00:35:40 [DiscoveryClient-CacheRefreshExecutor-%d] DEBUG org.springframework.web.client.RestTemplate - Response 200 OK
2025-10-01 00:35:40 [DiscoveryClient-CacheRefreshExecutor-%d] DEBUG org.springframework.web.client.RestTemplate - Reading to [org.springframework.cloud.netflix.eureka.http.EurekaApplications]
2025-10-01 00:36:09 [DiscoveryClient-HeartbeatExecutor-%d] DEBUG org.springframework.web.client.RestTemplate - HTTP PUT http://localhost:8761/eureka/apps/PRODUCT-SERVICE/product-service:8083?status=UP&lastDirtyTimestamp=1759252833442
2025-10-01 00:36:09 [DiscoveryClient-HeartbeatExecutor-%d] DEBUG org.springframework.web.client.RestTemplate - Accept=[application/json, application/*+json]
2025-10-01 00:36:09 [DiscoveryClient-HeartbeatExecutor-%d] DEBUG org.springframework.web.client.RestTemplate - Response 200 OK
2025-10-01 00:36:10 [DiscoveryClient-CacheRefreshExecutor-%d] DEBUG org.springframework.web.client.RestTemplate - HTTP GET http://localhost:8761/eureka/apps/delta
2025-10-01 00:36:10 [DiscoveryClient-CacheRefreshExecutor-%d] DEBUG org.springframework.web.client.RestTemplate - Accept=[application/json, application/*+json]
2025-10-01 00:36:10 [DiscoveryClient-CacheRefreshExecutor-%d] DEBUG org.springframework.web.client.RestTemplate - Response 200 OK
2025-10-01 00:36:10 [DiscoveryClient-CacheRefreshExecutor-%d] DEBUG org.springframework.web.client.RestTemplate - Reading to [org.springframework.cloud.netflix.eureka.http.EurekaApplications]
2025-10-01 00:36:39 [DiscoveryClient-HeartbeatExecutor-%d] DEBUG org.springframework.web.client.RestTemplate - HTTP PUT http://localhost:8761/eureka/apps/PRODUCT-SERVICE/product-service:8083?status=UP&lastDirtyTimestamp=1759252833442
2025-10-01 00:36:39 [DiscoveryClient-HeartbeatExecutor-%d] DEBUG org.springframework.web.client.RestTemplate - Accept=[application/json, application/*+json]
2025-10-01 00:36:39 [DiscoveryClient-HeartbeatExecutor-%d] DEBUG org.springframework.web.client.RestTemplate - Response 200 OK
2025-10-01 00:36:40 [DiscoveryClient-CacheRefreshExecutor-%d] DEBUG org.springframework.web.client.RestTemplate - HTTP GET http://localhost:8761/eureka/apps/delta
2025-10-01 00:36:40 [DiscoveryClient-CacheRefreshExecutor-%d] DEBUG org.springframework.web.client.RestTemplate - Accept=[application/json, application/*+json]
2025-10-01 00:36:40 [DiscoveryClient-CacheRefreshExecutor-%d] DEBUG org.springframework.web.client.RestTemplate - Response 200 OK
2025-10-01 00:36:40 [DiscoveryClient-CacheRefreshExecutor-%d] DEBUG org.springframework.web.client.RestTemplate - Reading to [org.springframework.cloud.netflix.eureka.http.EurekaApplications]
2025-10-01 00:37:09 [DiscoveryClient-HeartbeatExecutor-%d] DEBUG org.springframework.web.client.RestTemplate - HTTP PUT http://localhost:8761/eureka/apps/PRODUCT-SERVICE/product-service:8083?status=UP&lastDirtyTimestamp=1759252833442
2025-10-01 00:37:09 [DiscoveryClient-HeartbeatExecutor-%d] DEBUG org.springframework.web.client.RestTemplate - Accept=[application/json, application/*+json]
2025-10-01 00:37:09 [DiscoveryClient-HeartbeatExecutor-%d] DEBUG org.springframework.web.client.RestTemplate - Response 200 OK
2025-10-01 00:37:10 [DiscoveryClient-CacheRefreshExecutor-%d] DEBUG org.springframework.web.client.RestTemplate - HTTP GET http://localhost:8761/eureka/apps/delta
2025-10-01 00:37:10 [DiscoveryClient-CacheRefreshExecutor-%d] DEBUG org.springframework.web.client.RestTemplate - Accept=[application/json, application/*+json]
2025-10-01 00:37:10 [DiscoveryClient-CacheRefreshExecutor-%d] DEBUG org.springframework.web.client.RestTemplate - Response 200 OK
2025-10-01 00:37:10 [DiscoveryClient-CacheRefreshExecutor-%d] DEBUG org.springframework.web.client.RestTemplate - Reading to [org.springframework.cloud.netflix.eureka.http.EurekaApplications]
2025-10-01 00:37:39 [DiscoveryClient-HeartbeatExecutor-%d] DEBUG org.springframework.web.client.RestTemplate - HTTP PUT http://localhost:8761/eureka/apps/PRODUCT-SERVICE/product-service:8083?status=UP&lastDirtyTimestamp=1759252833442
2025-10-01 00:37:39 [DiscoveryClient-HeartbeatExecutor-%d] DEBUG org.springframework.web.client.RestTemplate - Accept=[application/json, application/*+json]
2025-10-01 00:37:40 [DiscoveryClient-HeartbeatExecutor-%d] DEBUG org.springframework.web.client.RestTemplate - Response 200 OK
2025-10-01 00:37:40 [DiscoveryClient-CacheRefreshExecutor-%d] DEBUG org.springframework.web.client.RestTemplate - HTTP GET http://localhost:8761/eureka/apps/delta
2025-10-01 00:37:40 [DiscoveryClient-CacheRefreshExecutor-%d] DEBUG org.springframework.web.client.RestTemplate - Accept=[application/json, application/*+json]
2025-10-01 00:37:40 [DiscoveryClient-CacheRefreshExecutor-%d] DEBUG org.springframework.web.client.RestTemplate - Response 200 OK
2025-10-01 00:37:40 [DiscoveryClient-CacheRefreshExecutor-%d] DEBUG org.springframework.web.client.RestTemplate - Reading to [org.springframework.cloud.netflix.eureka.http.EurekaApplications]
2025-10-01 00:38:10 [DiscoveryClient-HeartbeatExecutor-%d] DEBUG org.springframework.web.client.RestTemplate - HTTP PUT http://localhost:8761/eureka/apps/PRODUCT-SERVICE/product-service:8083?status=UP&lastDirtyTimestamp=1759252833442
2025-10-01 00:38:10 [DiscoveryClient-HeartbeatExecutor-%d] DEBUG org.springframework.web.client.RestTemplate - Accept=[application/json, application/*+json]
2025-10-01 00:38:10 [DiscoveryClient-HeartbeatExecutor-%d] DEBUG org.springframework.web.client.RestTemplate - Response 200 OK
2025-10-01 00:38:10 [DiscoveryClient-CacheRefreshExecutor-%d] DEBUG org.springframework.web.client.RestTemplate - HTTP GET http://localhost:8761/eureka/apps/delta
2025-10-01 00:38:10 [DiscoveryClient-CacheRefreshExecutor-%d] DEBUG org.springframework.web.client.RestTemplate - Accept=[application/json, application/*+json]
2025-10-01 00:38:10 [DiscoveryClient-CacheRefreshExecutor-%d] DEBUG org.springframework.web.client.RestTemplate - Response 200 OK
2025-10-01 00:38:10 [DiscoveryClient-CacheRefreshExecutor-%d] DEBUG org.springframework.web.client.RestTemplate - Reading to [org.springframework.cloud.netflix.eureka.http.EurekaApplications]
2025-10-01 00:38:40 [DiscoveryClient-HeartbeatExecutor-%d] DEBUG org.springframework.web.client.RestTemplate - HTTP PUT http://localhost:8761/eureka/apps/PRODUCT-SERVICE/product-service:8083?status=UP&lastDirtyTimestamp=1759252833442
2025-10-01 00:38:40 [DiscoveryClient-HeartbeatExecutor-%d] DEBUG org.springframework.web.client.RestTemplate - Accept=[application/json, application/*+json]
2025-10-01 00:38:40 [DiscoveryClient-HeartbeatExecutor-%d] DEBUG org.springframework.web.client.RestTemplate - Response 200 OK
2025-10-01 00:38:40 [DiscoveryClient-CacheRefreshExecutor-%d] DEBUG org.springframework.web.client.RestTemplate - HTTP GET http://localhost:8761/eureka/apps/delta
2025-10-01 00:38:40 [DiscoveryClient-CacheRefreshExecutor-%d] DEBUG org.springframework.web.client.RestTemplate - Accept=[application/json, application/*+json]
2025-10-01 00:38:40 [DiscoveryClient-CacheRefreshExecutor-%d] DEBUG org.springframework.web.client.RestTemplate - Response 200 OK
2025-10-01 00:38:40 [DiscoveryClient-CacheRefreshExecutor-%d] DEBUG org.springframework.web.client.RestTemplate - Reading to [org.springframework.cloud.netflix.eureka.http.EurekaApplications]
2025-10-01 00:39:10 [DiscoveryClient-HeartbeatExecutor-%d] DEBUG org.springframework.web.client.RestTemplate - HTTP PUT http://localhost:8761/eureka/apps/PRODUCT-SERVICE/product-service:8083?status=UP&lastDirtyTimestamp=1759252833442
2025-10-01 00:39:10 [DiscoveryClient-HeartbeatExecutor-%d] DEBUG org.springframework.web.client.RestTemplate - Accept=[application/json, application/*+json]
2025-10-01 00:39:10 [DiscoveryClient-HeartbeatExecutor-%d] DEBUG org.springframework.web.client.RestTemplate - Response 200 OK
2025-10-01 00:39:10 [DiscoveryClient-CacheRefreshExecutor-%d] DEBUG org.springframework.web.client.RestTemplate - HTTP GET http://localhost:8761/eureka/apps/delta
2025-10-01 00:39:10 [DiscoveryClient-CacheRefreshExecutor-%d] DEBUG org.springframework.web.client.RestTemplate - Accept=[application/json, application/*+json]
2025-10-01 00:39:10 [DiscoveryClient-CacheRefreshExecutor-%d] DEBUG org.springframework.web.client.RestTemplate - Response 200 OK
2025-10-01 00:39:10 [DiscoveryClient-CacheRefreshExecutor-%d] DEBUG org.springframework.web.client.RestTemplate - Reading to [org.springframework.cloud.netflix.eureka.http.EurekaApplications]
2025-10-01 00:39:40 [DiscoveryClient-HeartbeatExecutor-%d] DEBUG org.springframework.web.client.RestTemplate - HTTP PUT http://localhost:8761/eureka/apps/PRODUCT-SERVICE/product-service:8083?status=UP&lastDirtyTimestamp=1759252833442
2025-10-01 00:39:40 [DiscoveryClient-HeartbeatExecutor-%d] DEBUG org.springframework.web.client.RestTemplate - Accept=[application/json, application/*+json]
2025-10-01 00:39:40 [DiscoveryClient-HeartbeatExecutor-%d] DEBUG org.springframework.web.client.RestTemplate - Response 200 OK
2025-10-01 00:39:40 [DiscoveryClient-CacheRefreshExecutor-%d] DEBUG org.springframework.web.client.RestTemplate - HTTP GET http://localhost:8761/eureka/apps/delta
2025-10-01 00:39:40 [DiscoveryClient-CacheRefreshExecutor-%d] DEBUG org.springframework.web.client.RestTemplate - Accept=[application/json, application/*+json]
2025-10-01 00:39:41 [DiscoveryClient-CacheRefreshExecutor-%d] DEBUG org.springframework.web.client.RestTemplate - Response 200 OK
2025-10-01 00:39:41 [DiscoveryClient-CacheRefreshExecutor-%d] DEBUG org.springframework.web.client.RestTemplate - Reading to [org.springframework.cloud.netflix.eureka.http.EurekaApplications]
2025-10-01 00:40:10 [DiscoveryClient-HeartbeatExecutor-%d] DEBUG org.springframework.web.client.RestTemplate - HTTP PUT http://localhost:8761/eureka/apps/PRODUCT-SERVICE/product-service:8083?status=UP&lastDirtyTimestamp=1759252833442
2025-10-01 00:40:10 [DiscoveryClient-HeartbeatExecutor-%d] DEBUG org.springframework.web.client.RestTemplate - Accept=[application/json, application/*+json]
2025-10-01 00:40:10 [DiscoveryClient-HeartbeatExecutor-%d] DEBUG org.springframework.web.client.RestTemplate - Response 200 OK
2025-10-01 00:40:11 [DiscoveryClient-CacheRefreshExecutor-%d] DEBUG org.springframework.web.client.RestTemplate - HTTP GET http://localhost:8761/eureka/apps/delta
2025-10-01 00:40:11 [DiscoveryClient-CacheRefreshExecutor-%d] DEBUG org.springframework.web.client.RestTemplate - Accept=[application/json, application/*+json]
2025-10-01 00:40:11 [DiscoveryClient-CacheRefreshExecutor-%d] DEBUG org.springframework.web.client.RestTemplate - Response 200 OK
2025-10-01 00:40:11 [DiscoveryClient-CacheRefreshExecutor-%d] DEBUG org.springframework.web.client.RestTemplate - Reading to [org.springframework.cloud.netflix.eureka.http.EurekaApplications]
2025-10-01 00:40:33 [AsyncResolver-bootstrap-executor-%d] INFO  c.n.d.shared.resolver.aws.ConfigClusterResolver - Resolving eureka endpoints via configuration
2025-10-01 00:40:40 [DiscoveryClient-HeartbeatExecutor-%d] DEBUG org.springframework.web.client.RestTemplate - HTTP PUT http://localhost:8761/eureka/apps/PRODUCT-SERVICE/product-service:8083?status=UP&lastDirtyTimestamp=1759252833442
2025-10-01 00:40:40 [DiscoveryClient-HeartbeatExecutor-%d] DEBUG org.springframework.web.client.RestTemplate - Accept=[application/json, application/*+json]
2025-10-01 00:40:40 [DiscoveryClient-HeartbeatExecutor-%d] DEBUG org.springframework.web.client.RestTemplate - Response 200 OK
2025-10-01 00:40:41 [DiscoveryClient-CacheRefreshExecutor-%d] DEBUG org.springframework.web.client.RestTemplate - HTTP GET http://localhost:8761/eureka/apps/delta
2025-10-01 00:40:41 [DiscoveryClient-CacheRefreshExecutor-%d] DEBUG org.springframework.web.client.RestTemplate - Accept=[application/json, application/*+json]
2025-10-01 00:40:41 [DiscoveryClient-CacheRefreshExecutor-%d] DEBUG org.springframework.web.client.RestTemplate - Response 200 OK
2025-10-01 00:40:41 [DiscoveryClient-CacheRefreshExecutor-%d] DEBUG org.springframework.web.client.RestTemplate - Reading to [org.springframework.cloud.netflix.eureka.http.EurekaApplications]
2025-10-01 00:41:10 [DiscoveryClient-HeartbeatExecutor-%d] DEBUG org.springframework.web.client.RestTemplate - HTTP PUT http://localhost:8761/eureka/apps/PRODUCT-SERVICE/product-service:8083?status=UP&lastDirtyTimestamp=1759252833442
2025-10-01 00:41:10 [DiscoveryClient-HeartbeatExecutor-%d] DEBUG org.springframework.web.client.RestTemplate - Accept=[application/json, application/*+json]
2025-10-01 00:41:10 [DiscoveryClient-HeartbeatExecutor-%d] DEBUG org.springframework.web.client.RestTemplate - Response 200 OK
2025-10-01 00:41:11 [DiscoveryClient-CacheRefreshExecutor-%d] DEBUG org.springframework.web.client.RestTemplate - HTTP GET http://localhost:8761/eureka/apps/delta
2025-10-01 00:41:11 [DiscoveryClient-CacheRefreshExecutor-%d] DEBUG org.springframework.web.client.RestTemplate - Accept=[application/json, application/*+json]
2025-10-01 00:41:11 [DiscoveryClient-CacheRefreshExecutor-%d] DEBUG org.springframework.web.client.RestTemplate - Response 200 OK
2025-10-01 00:41:11 [DiscoveryClient-CacheRefreshExecutor-%d] DEBUG org.springframework.web.client.RestTemplate - Reading to [org.springframework.cloud.netflix.eureka.http.EurekaApplications]
2025-10-01 00:41:40 [DiscoveryClient-HeartbeatExecutor-%d] DEBUG org.springframework.web.client.RestTemplate - HTTP PUT http://localhost:8761/eureka/apps/PRODUCT-SERVICE/product-service:8083?status=UP&lastDirtyTimestamp=1759252833442
2025-10-01 00:41:40 [DiscoveryClient-HeartbeatExecutor-%d] DEBUG org.springframework.web.client.RestTemplate - Accept=[application/json, application/*+json]
2025-10-01 00:41:40 [DiscoveryClient-HeartbeatExecutor-%d] DEBUG org.springframework.web.client.RestTemplate - Response 200 OK
2025-10-01 00:41:41 [DiscoveryClient-CacheRefreshExecutor-%d] DEBUG org.springframework.web.client.RestTemplate - HTTP GET http://localhost:8761/eureka/apps/delta
2025-10-01 00:41:41 [DiscoveryClient-CacheRefreshExecutor-%d] DEBUG org.springframework.web.client.RestTemplate - Accept=[application/json, application/*+json]
2025-10-01 00:41:41 [DiscoveryClient-CacheRefreshExecutor-%d] DEBUG org.springframework.web.client.RestTemplate - Response 200 OK
2025-10-01 00:41:41 [DiscoveryClient-CacheRefreshExecutor-%d] DEBUG org.springframework.web.client.RestTemplate - Reading to [org.springframework.cloud.netflix.eureka.http.EurekaApplications]
2025-10-01 00:42:10 [DiscoveryClient-HeartbeatExecutor-%d] DEBUG org.springframework.web.client.RestTemplate - HTTP PUT http://localhost:8761/eureka/apps/PRODUCT-SERVICE/product-service:8083?status=UP&lastDirtyTimestamp=1759252833442
2025-10-01 00:42:10 [DiscoveryClient-HeartbeatExecutor-%d] DEBUG org.springframework.web.client.RestTemplate - Accept=[application/json, application/*+json]
2025-10-01 00:42:10 [DiscoveryClient-HeartbeatExecutor-%d] DEBUG org.springframework.web.client.RestTemplate - Response 200 OK
2025-10-01 00:42:11 [DiscoveryClient-CacheRefreshExecutor-%d] DEBUG org.springframework.web.client.RestTemplate - HTTP GET http://localhost:8761/eureka/apps/delta
2025-10-01 00:42:11 [DiscoveryClient-CacheRefreshExecutor-%d] DEBUG org.springframework.web.client.RestTemplate - Accept=[application/json, application/*+json]
2025-10-01 00:42:11 [DiscoveryClient-CacheRefreshExecutor-%d] DEBUG org.springframework.web.client.RestTemplate - Response 200 OK
2025-10-01 00:42:11 [DiscoveryClient-CacheRefreshExecutor-%d] DEBUG org.springframework.web.client.RestTemplate - Reading to [org.springframework.cloud.netflix.eureka.http.EurekaApplications]
2025-10-01 00:42:40 [DiscoveryClient-HeartbeatExecutor-%d] DEBUG org.springframework.web.client.RestTemplate - HTTP PUT http://localhost:8761/eureka/apps/PRODUCT-SERVICE/product-service:8083?status=UP&lastDirtyTimestamp=1759252833442
2025-10-01 00:42:40 [DiscoveryClient-HeartbeatExecutor-%d] DEBUG org.springframework.web.client.RestTemplate - Accept=[application/json, application/*+json]
2025-10-01 00:42:40 [DiscoveryClient-HeartbeatExecutor-%d] DEBUG org.springframework.web.client.RestTemplate - Response 200 OK
2025-10-01 00:42:41 [DiscoveryClient-CacheRefreshExecutor-%d] DEBUG org.springframework.web.client.RestTemplate - HTTP GET http://localhost:8761/eureka/apps/delta
2025-10-01 00:42:41 [DiscoveryClient-CacheRefreshExecutor-%d] DEBUG org.springframework.web.client.RestTemplate - Accept=[application/json, application/*+json]
2025-10-01 00:42:41 [DiscoveryClient-CacheRefreshExecutor-%d] DEBUG org.springframework.web.client.RestTemplate - Response 200 OK
2025-10-01 00:42:41 [DiscoveryClient-CacheRefreshExecutor-%d] DEBUG org.springframework.web.client.RestTemplate - Reading to [org.springframework.cloud.netflix.eureka.http.EurekaApplications]
2025-10-01 00:43:10 [DiscoveryClient-HeartbeatExecutor-%d] DEBUG org.springframework.web.client.RestTemplate - HTTP PUT http://localhost:8761/eureka/apps/PRODUCT-SERVICE/product-service:8083?status=UP&lastDirtyTimestamp=1759252833442
2025-10-01 00:43:10 [DiscoveryClient-HeartbeatExecutor-%d] DEBUG org.springframework.web.client.RestTemplate - Accept=[application/json, application/*+json]
2025-10-01 00:43:10 [DiscoveryClient-HeartbeatExecutor-%d] DEBUG org.springframework.web.client.RestTemplate - Response 200 OK
2025-10-01 00:43:11 [DiscoveryClient-CacheRefreshExecutor-%d] DEBUG org.springframework.web.client.RestTemplate - HTTP GET http://localhost:8761/eureka/apps/delta
2025-10-01 00:43:11 [DiscoveryClient-CacheRefreshExecutor-%d] DEBUG org.springframework.web.client.RestTemplate - Accept=[application/json, application/*+json]
2025-10-01 00:43:11 [DiscoveryClient-CacheRefreshExecutor-%d] DEBUG org.springframework.web.client.RestTemplate - Response 200 OK
2025-10-01 00:43:11 [DiscoveryClient-CacheRefreshExecutor-%d] DEBUG org.springframework.web.client.RestTemplate - Reading to [org.springframework.cloud.netflix.eureka.http.EurekaApplications]
2025-10-01 00:43:40 [DiscoveryClient-HeartbeatExecutor-%d] DEBUG org.springframework.web.client.RestTemplate - HTTP PUT http://localhost:8761/eureka/apps/PRODUCT-SERVICE/product-service:8083?status=UP&lastDirtyTimestamp=1759252833442
2025-10-01 00:43:40 [DiscoveryClient-HeartbeatExecutor-%d] DEBUG org.springframework.web.client.RestTemplate - Accept=[application/json, application/*+json]
2025-10-01 00:43:40 [DiscoveryClient-HeartbeatExecutor-%d] DEBUG org.springframework.web.client.RestTemplate - Response 200 OK
2025-10-01 00:43:41 [DiscoveryClient-CacheRefreshExecutor-%d] DEBUG org.springframework.web.client.RestTemplate - HTTP GET http://localhost:8761/eureka/apps/delta
2025-10-01 00:43:41 [DiscoveryClient-CacheRefreshExecutor-%d] DEBUG org.springframework.web.client.RestTemplate - Accept=[application/json, application/*+json]
2025-10-01 00:43:41 [DiscoveryClient-CacheRefreshExecutor-%d] DEBUG org.springframework.web.client.RestTemplate - Response 200 OK
2025-10-01 00:43:41 [DiscoveryClient-CacheRefreshExecutor-%d] DEBUG org.springframework.web.client.RestTemplate - Reading to [org.springframework.cloud.netflix.eureka.http.EurekaApplications]
2025-10-01 00:44:10 [DiscoveryClient-HeartbeatExecutor-%d] DEBUG org.springframework.web.client.RestTemplate - HTTP PUT http://localhost:8761/eureka/apps/PRODUCT-SERVICE/product-service:8083?status=UP&lastDirtyTimestamp=1759252833442
2025-10-01 00:44:10 [DiscoveryClient-HeartbeatExecutor-%d] DEBUG org.springframework.web.client.RestTemplate - Accept=[application/json, application/*+json]
2025-10-01 00:44:10 [DiscoveryClient-HeartbeatExecutor-%d] DEBUG org.springframework.web.client.RestTemplate - Response 200 OK
2025-10-01 00:44:11 [DiscoveryClient-CacheRefreshExecutor-%d] DEBUG org.springframework.web.client.RestTemplate - HTTP GET http://localhost:8761/eureka/apps/delta
2025-10-01 00:44:11 [DiscoveryClient-CacheRefreshExecutor-%d] DEBUG org.springframework.web.client.RestTemplate - Accept=[application/json, application/*+json]
2025-10-01 00:44:11 [DiscoveryClient-CacheRefreshExecutor-%d] DEBUG org.springframework.web.client.RestTemplate - Response 200 OK
2025-10-01 00:44:11 [DiscoveryClient-CacheRefreshExecutor-%d] DEBUG org.springframework.web.client.RestTemplate - Reading to [org.springframework.cloud.netflix.eureka.http.EurekaApplications]
2025-10-01 00:44:40 [DiscoveryClient-HeartbeatExecutor-%d] DEBUG org.springframework.web.client.RestTemplate - HTTP PUT http://localhost:8761/eureka/apps/PRODUCT-SERVICE/product-service:8083?status=UP&lastDirtyTimestamp=1759252833442
2025-10-01 00:44:40 [DiscoveryClient-HeartbeatExecutor-%d] DEBUG org.springframework.web.client.RestTemplate - Accept=[application/json, application/*+json]
2025-10-01 00:44:40 [DiscoveryClient-HeartbeatExecutor-%d] DEBUG org.springframework.web.client.RestTemplate - Response 200 OK
2025-10-01 00:44:41 [DiscoveryClient-CacheRefreshExecutor-%d] DEBUG org.springframework.web.client.RestTemplate - HTTP GET http://localhost:8761/eureka/apps/delta
2025-10-01 00:44:41 [DiscoveryClient-CacheRefreshExecutor-%d] DEBUG org.springframework.web.client.RestTemplate - Accept=[application/json, application/*+json]
2025-10-01 00:44:41 [DiscoveryClient-CacheRefreshExecutor-%d] DEBUG org.springframework.web.client.RestTemplate - Response 200 OK
2025-10-01 00:44:41 [DiscoveryClient-CacheRefreshExecutor-%d] DEBUG org.springframework.web.client.RestTemplate - Reading to [org.springframework.cloud.netflix.eureka.http.EurekaApplications]
2025-10-01 00:45:10 [DiscoveryClient-HeartbeatExecutor-%d] DEBUG org.springframework.web.client.RestTemplate - HTTP PUT http://localhost:8761/eureka/apps/PRODUCT-SERVICE/product-service:8083?status=UP&lastDirtyTimestamp=1759252833442
2025-10-01 00:45:10 [DiscoveryClient-HeartbeatExecutor-%d] DEBUG org.springframework.web.client.RestTemplate - Accept=[application/json, application/*+json]
2025-10-01 00:45:10 [DiscoveryClient-HeartbeatExecutor-%d] DEBUG org.springframework.web.client.RestTemplate - Response 200 OK
2025-10-01 00:45:11 [DiscoveryClient-CacheRefreshExecutor-%d] DEBUG org.springframework.web.client.RestTemplate - HTTP GET http://localhost:8761/eureka/apps/delta
2025-10-01 00:45:11 [DiscoveryClient-CacheRefreshExecutor-%d] DEBUG org.springframework.web.client.RestTemplate - Accept=[application/json, application/*+json]
2025-10-01 00:45:11 [DiscoveryClient-CacheRefreshExecutor-%d] DEBUG org.springframework.web.client.RestTemplate - Response 200 OK
2025-10-01 00:45:11 [DiscoveryClient-CacheRefreshExecutor-%d] DEBUG org.springframework.web.client.RestTemplate - Reading to [org.springframework.cloud.netflix.eureka.http.EurekaApplications]
2025-10-01 00:45:34 [AsyncResolver-bootstrap-executor-%d] INFO  c.n.d.shared.resolver.aws.ConfigClusterResolver - Resolving eureka endpoints via configuration
2025-10-01 00:45:40 [DiscoveryClient-HeartbeatExecutor-%d] DEBUG org.springframework.web.client.RestTemplate - HTTP PUT http://localhost:8761/eureka/apps/PRODUCT-SERVICE/product-service:8083?status=UP&lastDirtyTimestamp=1759252833442
2025-10-01 00:45:40 [DiscoveryClient-HeartbeatExecutor-%d] DEBUG org.springframework.web.client.RestTemplate - Accept=[application/json, application/*+json]
2025-10-01 00:45:40 [DiscoveryClient-HeartbeatExecutor-%d] DEBUG org.springframework.web.client.RestTemplate - Response 200 OK
2025-10-01 00:45:41 [DiscoveryClient-CacheRefreshExecutor-%d] DEBUG org.springframework.web.client.RestTemplate - HTTP GET http://localhost:8761/eureka/apps/delta
2025-10-01 00:45:41 [DiscoveryClient-CacheRefreshExecutor-%d] DEBUG org.springframework.web.client.RestTemplate - Accept=[application/json, application/*+json]
2025-10-01 00:45:41 [DiscoveryClient-CacheRefreshExecutor-%d] DEBUG org.springframework.web.client.RestTemplate - Response 200 OK
2025-10-01 00:45:41 [DiscoveryClient-CacheRefreshExecutor-%d] DEBUG org.springframework.web.client.RestTemplate - Reading to [org.springframework.cloud.netflix.eureka.http.EurekaApplications]
2025-10-01 00:46:10 [DiscoveryClient-HeartbeatExecutor-%d] DEBUG org.springframework.web.client.RestTemplate - HTTP PUT http://localhost:8761/eureka/apps/PRODUCT-SERVICE/product-service:8083?status=UP&lastDirtyTimestamp=1759252833442
2025-10-01 00:46:10 [DiscoveryClient-HeartbeatExecutor-%d] DEBUG org.springframework.web.client.RestTemplate - Accept=[application/json, application/*+json]
2025-10-01 00:46:10 [DiscoveryClient-HeartbeatExecutor-%d] DEBUG org.springframework.web.client.RestTemplate - Response 200 OK
2025-10-01 00:46:11 [DiscoveryClient-CacheRefreshExecutor-%d] DEBUG org.springframework.web.client.RestTemplate - HTTP GET http://localhost:8761/eureka/apps/delta
2025-10-01 00:46:11 [DiscoveryClient-CacheRefreshExecutor-%d] DEBUG org.springframework.web.client.RestTemplate - Accept=[application/json, application/*+json]
2025-10-01 00:46:11 [DiscoveryClient-CacheRefreshExecutor-%d] DEBUG org.springframework.web.client.RestTemplate - Response 200 OK
2025-10-01 00:46:11 [DiscoveryClient-CacheRefreshExecutor-%d] DEBUG org.springframework.web.client.RestTemplate - Reading to [org.springframework.cloud.netflix.eureka.http.EurekaApplications]
2025-10-01 00:46:40 [DiscoveryClient-HeartbeatExecutor-%d] DEBUG org.springframework.web.client.RestTemplate - HTTP PUT http://localhost:8761/eureka/apps/PRODUCT-SERVICE/product-service:8083?status=UP&lastDirtyTimestamp=1759252833442
2025-10-01 00:46:40 [DiscoveryClient-HeartbeatExecutor-%d] DEBUG org.springframework.web.client.RestTemplate - Accept=[application/json, application/*+json]
2025-10-01 00:46:40 [DiscoveryClient-HeartbeatExecutor-%d] DEBUG org.springframework.web.client.RestTemplate - Response 200 OK
2025-10-01 00:46:41 [DiscoveryClient-CacheRefreshExecutor-%d] DEBUG org.springframework.web.client.RestTemplate - HTTP GET http://localhost:8761/eureka/apps/delta
2025-10-01 00:46:41 [DiscoveryClient-CacheRefreshExecutor-%d] DEBUG org.springframework.web.client.RestTemplate - Accept=[application/json, application/*+json]
2025-10-01 00:46:41 [DiscoveryClient-CacheRefreshExecutor-%d] DEBUG org.springframework.web.client.RestTemplate - Response 200 OK
2025-10-01 00:46:41 [DiscoveryClient-CacheRefreshExecutor-%d] DEBUG org.springframework.web.client.RestTemplate - Reading to [org.springframework.cloud.netflix.eureka.http.EurekaApplications]
2025-10-01 00:47:10 [DiscoveryClient-HeartbeatExecutor-%d] DEBUG org.springframework.web.client.RestTemplate - HTTP PUT http://localhost:8761/eureka/apps/PRODUCT-SERVICE/product-service:8083?status=UP&lastDirtyTimestamp=1759252833442
2025-10-01 00:47:10 [DiscoveryClient-HeartbeatExecutor-%d] DEBUG org.springframework.web.client.RestTemplate - Accept=[application/json, application/*+json]
2025-10-01 00:47:10 [DiscoveryClient-HeartbeatExecutor-%d] DEBUG org.springframework.web.client.RestTemplate - Response 200 OK
2025-10-01 00:47:11 [DiscoveryClient-CacheRefreshExecutor-%d] DEBUG org.springframework.web.client.RestTemplate - HTTP GET http://localhost:8761/eureka/apps/delta
2025-10-01 00:47:11 [DiscoveryClient-CacheRefreshExecutor-%d] DEBUG org.springframework.web.client.RestTemplate - Accept=[application/json, application/*+json]
2025-10-01 00:47:11 [DiscoveryClient-CacheRefreshExecutor-%d] DEBUG org.springframework.web.client.RestTemplate - Response 200 OK
2025-10-01 00:47:11 [DiscoveryClient-CacheRefreshExecutor-%d] DEBUG org.springframework.web.client.RestTemplate - Reading to [org.springframework.cloud.netflix.eureka.http.EurekaApplications]
2025-10-01 00:47:23 [http-nio-8083-exec-1] INFO  o.a.c.core.ContainerBase.[Tomcat].[localhost].[/] - Initializing Spring DispatcherServlet 'dispatcherServlet'
2025-10-01 00:47:23 [http-nio-8083-exec-1] INFO  org.springframework.web.servlet.DispatcherServlet - Initializing Servlet 'dispatcherServlet'
2025-10-01 00:47:23 [http-nio-8083-exec-1] DEBUG org.springframework.web.servlet.DispatcherServlet - Detected StandardServletMultipartResolver
2025-10-01 00:47:23 [http-nio-8083-exec-1] DEBUG org.springframework.web.servlet.DispatcherServlet - Detected AcceptHeaderLocaleResolver
2025-10-01 00:47:23 [http-nio-8083-exec-1] DEBUG org.springframework.web.servlet.DispatcherServlet - Detected FixedThemeResolver
2025-10-01 00:47:23 [http-nio-8083-exec-1] DEBUG org.springframework.web.servlet.DispatcherServlet - Detected org.springframework.web.servlet.view.DefaultRequestToViewNameTranslator@4ca8cfbe
2025-10-01 00:47:23 [http-nio-8083-exec-1] DEBUG org.springframework.web.servlet.DispatcherServlet - Detected org.springframework.web.servlet.support.SessionFlashMapManager@3facd8b9
2025-10-01 00:47:23 [http-nio-8083-exec-1] DEBUG org.springframework.web.servlet.DispatcherServlet - enableLoggingRequestDetails='false': request parameters and headers will be masked to prevent unsafe logging of potentially sensitive data
2025-10-01 00:47:23 [http-nio-8083-exec-1] INFO  org.springframework.web.servlet.DispatcherServlet - Completed initialization in 73 ms
2025-10-01 00:47:24 [http-nio-8083-exec-1] DEBUG org.springframework.web.servlet.DispatcherServlet - GET "/api/products/863cb939-afcc-4d5d-a38d-671d4019bbc2", parameters={}
2025-10-01 00:47:24 [http-nio-8083-exec-1] DEBUG o.s.w.s.m.m.a.RequestMappingHandlerMapping - Mapped to com.shah_s.bakery_product_service.controller.ProductController#getProductById(UUID)
2025-10-01 00:47:24 [http-nio-8083-exec-1] INFO  c.s.b.controller.ProductController - Get product by ID request received: 863cb939-afcc-4d5d-a38d-671d4019bbc2
2025-10-01 00:47:24 [http-nio-8083-exec-1] DEBUG c.s.bakery_product_service.service.ProductService - Fetching product by ID: 863cb939-afcc-4d5d-a38d-671d4019bbc2
2025-10-01 00:47:24 [http-nio-8083-exec-1] DEBUG org.hibernate.SQL - 
    select
        p1_0.id,
        p1_0.calories_per_unit,
        p1_0.category_id,
        p1_0.created_at,
        p1_0.description,
        p1_0.discount_price,
        p1_0.is_featured,
        p1_0.name,
        p1_0.preparation_time,
        p1_0.price,
        p1_0.shelf_life_hours,
        p1_0.short_description,
        p1_0.sku,
        p1_0.status,
        p1_0.unit,
        p1_0.updated_at,
        p1_0.weight_grams 
    from
        products p1_0 
    where
        p1_0.id=?
2025-10-01 00:47:24 [http-nio-8083-exec-1] DEBUG org.hibernate.SQL - 
    select
        i1_0.id,
        i1_0.auto_reorder_enabled,
        i1_0.created_at,
        i1_0.current_stock,
        i1_0.expiry_date,
        i1_0.last_restocked_at,
        i1_0.last_restocked_quantity,
        i1_0.maximum_stock,
        i1_0.minimum_stock,
        i1_0.notes,
        i1_0.product_id,
        i1_0.reorder_level,
        i1_0.reorder_quantity,
        i1_0.reserved_stock,
        i1_0.status,
        i1_0.storage_location,
        i1_0.supplier_info,
        i1_0.track_expiry,
        i1_0.updated_at 
    from
        inventory i1_0 
    where
        i1_0.product_id=?
2025-10-01 00:47:24 [http-nio-8083-exec-1] DEBUG org.hibernate.SQL - 
    select
        c1_0.id,
        c1_0.active,
        c1_0.created_at,
        c1_0.description,
        c1_0.display_order,
        c1_0.icon_class,
        c1_0.image_url,
        c1_0.name,
        c1_0.updated_at 
    from
        categories c1_0 
    where
        c1_0.id=?
2025-10-01 00:47:24 [http-nio-8083-exec-1] DEBUG org.hibernate.SQL - 
    select
        i1_0.product_id,
        i1_0.id,
        i1_0.alt_text,
        i1_0.created_at,
        i1_0.display_order,
        i1_0.file_size_bytes,
        i1_0.image_height,
        i1_0.image_url,
        i1_0.image_width,
        i1_0.is_primary 
    from
        product_images i1_0 
    where
        i1_0.product_id=?
2025-10-01 00:47:24 [http-nio-8083-exec-1] INFO  c.s.b.controller.ProductController - Product retrieved: Chocolate Fudge Cake
2025-10-01 00:47:24 [http-nio-8083-exec-1] DEBUG o.s.w.s.m.m.annotation.HttpEntityMethodProcessor - Using 'application/json', given [*/*] and supported [application/json, application/*+json]
2025-10-01 00:47:24 [http-nio-8083-exec-1] DEBUG o.s.w.s.m.m.annotation.HttpEntityMethodProcessor - Writing [com.shah_s.bakery_product_service.dto.ProductResponse@6a1b466f]
2025-10-01 00:47:24 [http-nio-8083-exec-1] DEBUG org.hibernate.SQL - 
    select
        i1_0.product_id,
        i1_0.ingredient 
    from
        product_ingredients i1_0 
    where
        i1_0.product_id=?
2025-10-01 00:47:24 [http-nio-8083-exec-1] DEBUG org.hibernate.SQL - 
    select
        a1_0.product_id,
        a1_0.allergen 
    from
        product_allergens a1_0 
    where
        a1_0.product_id=?
2025-10-01 00:47:24 [http-nio-8083-exec-1] DEBUG org.hibernate.SQL - 
    select
        t1_0.product_id,
        t1_0.tag 
    from
        product_tags t1_0 
    where
        t1_0.product_id=?
2025-10-01 00:47:24 [http-nio-8083-exec-1] DEBUG org.springframework.web.servlet.DispatcherServlet - Completed 200 OK
2025-10-01 00:47:24 [http-nio-8083-exec-2] DEBUG org.springframework.web.servlet.DispatcherServlet - GET "/api/products/863cb939-afcc-4d5d-a38d-671d4019bbc2/stock?quantity=2", parameters={masked}
2025-10-01 00:47:24 [http-nio-8083-exec-2] DEBUG o.s.web.servlet.handler.SimpleUrlHandlerMapping - Mapped to ResourceHttpRequestHandler [classpath [META-INF/resources/], classpath [resources/], classpath [static/], classpath [public/], ServletContext [/]]
2025-10-01 00:47:24 [http-nio-8083-exec-2] DEBUG o.s.w.servlet.resource.ResourceHttpRequestHandler - Resource not found
2025-10-01 00:47:24 [http-nio-8083-exec-2] DEBUG o.s.w.s.m.m.a.ExceptionHandlerExceptionResolver - Using @ExceptionHandler com.shah_s.bakery_product_service.exception.GlobalExceptionHandler#handleGenericException(Exception, WebRequest)
2025-10-01 00:47:24 [http-nio-8083-exec-2] ERROR c.s.b.exception.GlobalExceptionHandler - Unexpected error: No static resource api/products/863cb939-afcc-4d5d-a38d-671d4019bbc2/stock.
org.springframework.web.servlet.resource.NoResourceFoundException: No static resource api/products/863cb939-afcc-4d5d-a38d-671d4019bbc2/stock.
	at org.springframework.web.servlet.resource.ResourceHttpRequestHandler.handleRequest(ResourceHttpRequestHandler.java:585)
	at org.springframework.web.servlet.mvc.HttpRequestHandlerAdapter.handle(HttpRequestHandlerAdapter.java:52)
	at org.springframework.web.servlet.DispatcherServlet.doDispatch(DispatcherServlet.java:1089)
	at org.springframework.web.servlet.DispatcherServlet.doService(DispatcherServlet.java:979)
	at org.springframework.web.servlet.FrameworkServlet.processRequest(FrameworkServlet.java:1014)
	at org.springframework.web.servlet.FrameworkServlet.doGet(FrameworkServlet.java:903)
	at jakarta.servlet.http.HttpServlet.service(HttpServlet.java:564)
	at org.springframework.web.servlet.FrameworkServlet.service(FrameworkServlet.java:885)
	at jakarta.servlet.http.HttpServlet.service(HttpServlet.java:658)
	at org.apache.catalina.core.ApplicationFilterChain.internalDoFilter(ApplicationFilterChain.java:195)
	at org.apache.catalina.core.ApplicationFilterChain.doFilter(ApplicationFilterChain.java:140)
	at org.apache.tomcat.websocket.server.WsFilter.doFilter(WsFilter.java:51)
	at org.apache.catalina.core.ApplicationFilterChain.internalDoFilter(ApplicationFilterChain.java:164)
	at org.apache.catalina.core.ApplicationFilterChain.doFilter(ApplicationFilterChain.java:140)
	at org.springframework.web.filter.RequestContextFilter.doFilterInternal(RequestContextFilter.java:100)
	at org.springframework.web.filter.OncePerRequestFilter.doFilter(OncePerRequestFilter.java:116)
	at org.apache.catalina.core.ApplicationFilterChain.internalDoFilter(ApplicationFilterChain.java:164)
	at org.apache.catalina.core.ApplicationFilterChain.doFilter(ApplicationFilterChain.java:140)
	at org.springframework.web.filter.FormContentFilter.doFilterInternal(FormContentFilter.java:93)
	at org.springframework.web.filter.OncePerRequestFilter.doFilter(OncePerRequestFilter.java:116)
	at org.apache.catalina.core.ApplicationFilterChain.internalDoFilter(ApplicationFilterChain.java:164)
	at org.apache.catalina.core.ApplicationFilterChain.doFilter(ApplicationFilterChain.java:140)
	at org.springframework.web.filter.ServerHttpObservationFilter.doFilterInternal(ServerHttpObservationFilter.java:110)
	at org.springframework.web.filter.OncePerRequestFilter.doFilter(OncePerRequestFilter.java:116)
	at org.apache.catalina.core.ApplicationFilterChain.internalDoFilter(ApplicationFilterChain.java:164)
	at org.apache.catalina.core.ApplicationFilterChain.doFilter(ApplicationFilterChain.java:140)
	at org.springframework.web.filter.CharacterEncodingFilter.doFilterInternal(CharacterEncodingFilter.java:201)
	at org.springframework.web.filter.OncePerRequestFilter.doFilter(OncePerRequestFilter.java:116)
	at org.apache.catalina.core.ApplicationFilterChain.internalDoFilter(ApplicationFilterChain.java:164)
	at org.apache.catalina.core.ApplicationFilterChain.doFilter(ApplicationFilterChain.java:140)
	at org.apache.catalina.core.StandardWrapperValve.invoke(StandardWrapperValve.java:167)
	at org.apache.catalina.core.StandardContextValve.invoke(StandardContextValve.java:90)
	at org.apache.catalina.authenticator.AuthenticatorBase.invoke(AuthenticatorBase.java:483)
	at org.apache.catalina.core.StandardHostValve.invoke(StandardHostValve.java:116)
	at org.apache.catalina.valves.ErrorReportValve.invoke(ErrorReportValve.java:93)
	at org.apache.catalina.core.StandardEngineValve.invoke(StandardEngineValve.java:74)
	at org.apache.catalina.connector.CoyoteAdapter.service(CoyoteAdapter.java:344)
	at org.apache.coyote.http11.Http11Processor.service(Http11Processor.java:398)
	at org.apache.coyote.AbstractProcessorLight.process(AbstractProcessorLight.java:63)
	at org.apache.coyote.AbstractProtocol$ConnectionHandler.process(AbstractProtocol.java:903)
	at org.apache.tomcat.util.net.NioEndpoint$SocketProcessor.doRun(NioEndpoint.java:1776)
	at org.apache.tomcat.util.net.SocketProcessorBase.run(SocketProcessorBase.java:52)
	at org.apache.tomcat.util.threads.ThreadPoolExecutor.runWorker(ThreadPoolExecutor.java:975)
	at org.apache.tomcat.util.threads.ThreadPoolExecutor$Worker.run(ThreadPoolExecutor.java:493)
	at org.apache.tomcat.util.threads.TaskThread$WrappingRunnable.run(TaskThread.java:63)
	at java.base/java.lang.Thread.run(Thread.java:1583)
2025-10-01 00:47:24 [http-nio-8083-exec-2] DEBUG o.s.w.s.m.m.annotation.HttpEntityMethodProcessor - Using 'application/json', given [*/*] and supported [application/json, application/*+json]
2025-10-01 00:47:24 [http-nio-8083-exec-2] DEBUG o.s.w.s.m.m.annotation.HttpEntityMethodProcessor - Writing [com.shah_s.bakery_product_service.exception.GlobalExceptionHandler$ErrorResponse@51216173]
2025-10-01 00:47:24 [http-nio-8083-exec-2] WARN  o.s.w.s.m.m.a.ExceptionHandlerExceptionResolver - Resolved [org.springframework.web.servlet.resource.NoResourceFoundException: No static resource api/products/863cb939-afcc-4d5d-a38d-671d4019bbc2/stock.]
2025-10-01 00:47:24 [http-nio-8083-exec-2] DEBUG org.springframework.web.servlet.DispatcherServlet - Completed 500 INTERNAL_SERVER_ERROR
2025-10-01 00:47:40 [DiscoveryClient-HeartbeatExecutor-%d] DEBUG org.springframework.web.client.RestTemplate - HTTP PUT http://localhost:8761/eureka/apps/PRODUCT-SERVICE/product-service:8083?status=UP&lastDirtyTimestamp=1759252833442
2025-10-01 00:47:40 [DiscoveryClient-HeartbeatExecutor-%d] DEBUG org.springframework.web.client.RestTemplate - Accept=[application/json, application/*+json]
2025-10-01 00:47:40 [DiscoveryClient-HeartbeatExecutor-%d] DEBUG org.springframework.web.client.RestTemplate - Response 200 OK
2025-10-01 00:47:41 [DiscoveryClient-CacheRefreshExecutor-%d] DEBUG org.springframework.web.client.RestTemplate - HTTP GET http://localhost:8761/eureka/apps/delta
2025-10-01 00:47:41 [DiscoveryClient-CacheRefreshExecutor-%d] DEBUG org.springframework.web.client.RestTemplate - Accept=[application/json, application/*+json]
2025-10-01 00:47:41 [DiscoveryClient-CacheRefreshExecutor-%d] DEBUG org.springframework.web.client.RestTemplate - Response 200 OK
2025-10-01 00:47:41 [DiscoveryClient-CacheRefreshExecutor-%d] DEBUG org.springframework.web.client.RestTemplate - Reading to [org.springframework.cloud.netflix.eureka.http.EurekaApplications]
2025-10-01 00:48:10 [DiscoveryClient-HeartbeatExecutor-%d] DEBUG org.springframework.web.client.RestTemplate - HTTP PUT http://localhost:8761/eureka/apps/PRODUCT-SERVICE/product-service:8083?status=UP&lastDirtyTimestamp=1759252833442
2025-10-01 00:48:10 [DiscoveryClient-HeartbeatExecutor-%d] DEBUG org.springframework.web.client.RestTemplate - Accept=[application/json, application/*+json]
2025-10-01 00:48:10 [DiscoveryClient-HeartbeatExecutor-%d] DEBUG org.springframework.web.client.RestTemplate - Response 200 OK
2025-10-01 00:48:11 [DiscoveryClient-CacheRefreshExecutor-%d] DEBUG org.springframework.web.client.RestTemplate - HTTP GET http://localhost:8761/eureka/apps/delta
2025-10-01 00:48:11 [DiscoveryClient-CacheRefreshExecutor-%d] DEBUG org.springframework.web.client.RestTemplate - Accept=[application/json, application/*+json]
2025-10-01 00:48:11 [DiscoveryClient-CacheRefreshExecutor-%d] DEBUG org.springframework.web.client.RestTemplate - Response 200 OK
2025-10-01 00:48:11 [DiscoveryClient-CacheRefreshExecutor-%d] DEBUG org.springframework.web.client.RestTemplate - Reading to [org.springframework.cloud.netflix.eureka.http.EurekaApplications]
2025-10-01 00:48:40 [DiscoveryClient-HeartbeatExecutor-%d] DEBUG org.springframework.web.client.RestTemplate - HTTP PUT http://localhost:8761/eureka/apps/PRODUCT-SERVICE/product-service:8083?status=UP&lastDirtyTimestamp=1759252833442
2025-10-01 00:48:40 [DiscoveryClient-HeartbeatExecutor-%d] DEBUG org.springframework.web.client.RestTemplate - Accept=[application/json, application/*+json]
2025-10-01 00:48:40 [DiscoveryClient-HeartbeatExecutor-%d] DEBUG org.springframework.web.client.RestTemplate - Response 200 OK
2025-10-01 00:48:41 [DiscoveryClient-CacheRefreshExecutor-%d] DEBUG org.springframework.web.client.RestTemplate - HTTP GET http://localhost:8761/eureka/apps/delta
2025-10-01 00:48:41 [DiscoveryClient-CacheRefreshExecutor-%d] DEBUG org.springframework.web.client.RestTemplate - Accept=[application/json, application/*+json]
2025-10-01 00:48:41 [DiscoveryClient-CacheRefreshExecutor-%d] DEBUG org.springframework.web.client.RestTemplate - Response 200 OK
2025-10-01 00:48:41 [DiscoveryClient-CacheRefreshExecutor-%d] DEBUG org.springframework.web.client.RestTemplate - Reading to [org.springframework.cloud.netflix.eureka.http.EurekaApplications]
2025-10-01 00:48:48 [http-nio-8083-exec-3] DEBUG org.springframework.web.servlet.DispatcherServlet - POST "/api/products/batch/validate", parameters={}
2025-10-01 00:48:48 [http-nio-8083-exec-3] DEBUG o.s.web.servlet.handler.SimpleUrlHandlerMapping - Mapped to ResourceHttpRequestHandler [classpath [META-INF/resources/], classpath [resources/], classpath [static/], classpath [public/], ServletContext [/]]
2025-10-01 00:48:48 [http-nio-8083-exec-3] DEBUG o.s.w.servlet.resource.ResourceHttpRequestHandler - Resource not found
2025-10-01 00:48:48 [http-nio-8083-exec-3] DEBUG o.s.w.s.m.m.a.ExceptionHandlerExceptionResolver - Using @ExceptionHandler com.shah_s.bakery_product_service.exception.GlobalExceptionHandler#handleGenericException(Exception, WebRequest)
2025-10-01 00:48:48 [http-nio-8083-exec-3] ERROR c.s.b.exception.GlobalExceptionHandler - Unexpected error: No static resource api/products/batch/validate.
org.springframework.web.servlet.resource.NoResourceFoundException: No static resource api/products/batch/validate.
	at org.springframework.web.servlet.resource.ResourceHttpRequestHandler.handleRequest(ResourceHttpRequestHandler.java:585)
	at org.springframework.web.servlet.mvc.HttpRequestHandlerAdapter.handle(HttpRequestHandlerAdapter.java:52)
	at org.springframework.web.servlet.DispatcherServlet.doDispatch(DispatcherServlet.java:1089)
	at org.springframework.web.servlet.DispatcherServlet.doService(DispatcherServlet.java:979)
	at org.springframework.web.servlet.FrameworkServlet.processRequest(FrameworkServlet.java:1014)
	at org.springframework.web.servlet.FrameworkServlet.doPost(FrameworkServlet.java:914)
	at jakarta.servlet.http.HttpServlet.service(HttpServlet.java:590)
	at org.springframework.web.servlet.FrameworkServlet.service(FrameworkServlet.java:885)
	at jakarta.servlet.http.HttpServlet.service(HttpServlet.java:658)
	at org.apache.catalina.core.ApplicationFilterChain.internalDoFilter(ApplicationFilterChain.java:195)
	at org.apache.catalina.core.ApplicationFilterChain.doFilter(ApplicationFilterChain.java:140)
	at org.apache.tomcat.websocket.server.WsFilter.doFilter(WsFilter.java:51)
	at org.apache.catalina.core.ApplicationFilterChain.internalDoFilter(ApplicationFilterChain.java:164)
	at org.apache.catalina.core.ApplicationFilterChain.doFilter(ApplicationFilterChain.java:140)
	at org.springframework.web.filter.RequestContextFilter.doFilterInternal(RequestContextFilter.java:100)
	at org.springframework.web.filter.OncePerRequestFilter.doFilter(OncePerRequestFilter.java:116)
	at org.apache.catalina.core.ApplicationFilterChain.internalDoFilter(ApplicationFilterChain.java:164)
	at org.apache.catalina.core.ApplicationFilterChain.doFilter(ApplicationFilterChain.java:140)
	at org.springframework.web.filter.FormContentFilter.doFilterInternal(FormContentFilter.java:93)
	at org.springframework.web.filter.OncePerRequestFilter.doFilter(OncePerRequestFilter.java:116)
	at org.apache.catalina.core.ApplicationFilterChain.internalDoFilter(ApplicationFilterChain.java:164)
	at org.apache.catalina.core.ApplicationFilterChain.doFilter(ApplicationFilterChain.java:140)
	at org.springframework.web.filter.ServerHttpObservationFilter.doFilterInternal(ServerHttpObservationFilter.java:110)
	at org.springframework.web.filter.OncePerRequestFilter.doFilter(OncePerRequestFilter.java:116)
	at org.apache.catalina.core.ApplicationFilterChain.internalDoFilter(ApplicationFilterChain.java:164)
	at org.apache.catalina.core.ApplicationFilterChain.doFilter(ApplicationFilterChain.java:140)
	at org.springframework.web.filter.CharacterEncodingFilter.doFilterInternal(CharacterEncodingFilter.java:201)
	at org.springframework.web.filter.OncePerRequestFilter.doFilter(OncePerRequestFilter.java:116)
	at org.apache.catalina.core.ApplicationFilterChain.internalDoFilter(ApplicationFilterChain.java:164)
	at org.apache.catalina.core.ApplicationFilterChain.doFilter(ApplicationFilterChain.java:140)
	at org.apache.catalina.core.StandardWrapperValve.invoke(StandardWrapperValve.java:167)
	at org.apache.catalina.core.StandardContextValve.invoke(StandardContextValve.java:90)
	at org.apache.catalina.authenticator.AuthenticatorBase.invoke(AuthenticatorBase.java:483)
	at org.apache.catalina.core.StandardHostValve.invoke(StandardHostValve.java:116)
	at org.apache.catalina.valves.ErrorReportValve.invoke(ErrorReportValve.java:93)
	at org.apache.catalina.core.StandardEngineValve.invoke(StandardEngineValve.java:74)
	at org.apache.catalina.connector.CoyoteAdapter.service(CoyoteAdapter.java:344)
	at org.apache.coyote.http11.Http11Processor.service(Http11Processor.java:398)
	at org.apache.coyote.AbstractProcessorLight.process(AbstractProcessorLight.java:63)
	at org.apache.coyote.AbstractProtocol$ConnectionHandler.process(AbstractProtocol.java:903)
	at org.apache.tomcat.util.net.NioEndpoint$SocketProcessor.doRun(NioEndpoint.java:1776)
	at org.apache.tomcat.util.net.SocketProcessorBase.run(SocketProcessorBase.java:52)
	at org.apache.tomcat.util.threads.ThreadPoolExecutor.runWorker(ThreadPoolExecutor.java:975)
	at org.apache.tomcat.util.threads.ThreadPoolExecutor$Worker.run(ThreadPoolExecutor.java:493)
	at org.apache.tomcat.util.threads.TaskThread$WrappingRunnable.run(TaskThread.java:63)
	at java.base/java.lang.Thread.run(Thread.java:1583)
2025-10-01 00:48:48 [http-nio-8083-exec-3] DEBUG o.s.w.s.m.m.annotation.HttpEntityMethodProcessor - Using 'application/json', given [*/*] and supported [application/json, application/*+json]
2025-10-01 00:48:48 [http-nio-8083-exec-3] DEBUG o.s.w.s.m.m.annotation.HttpEntityMethodProcessor - Writing [com.shah_s.bakery_product_service.exception.GlobalExceptionHandler$ErrorResponse@2a56fef4]
2025-10-01 00:48:48 [http-nio-8083-exec-3] WARN  o.s.w.s.m.m.a.ExceptionHandlerExceptionResolver - Resolved [org.springframework.web.servlet.resource.NoResourceFoundException: No static resource api/products/batch/validate.]
2025-10-01 00:48:48 [http-nio-8083-exec-3] DEBUG org.springframework.web.servlet.DispatcherServlet - Completed 500 INTERNAL_SERVER_ERROR
2025-10-01 00:48:48 [http-nio-8083-exec-5] DEBUG org.springframework.web.servlet.DispatcherServlet - GET "/api/products/863cb939-afcc-4d5d-a38d-671d4019bbc2/stock?quantity=3", parameters={masked}
2025-10-01 00:48:48 [http-nio-8083-exec-5] DEBUG o.s.web.servlet.handler.SimpleUrlHandlerMapping - Mapped to ResourceHttpRequestHandler [classpath [META-INF/resources/], classpath [resources/], classpath [static/], classpath [public/], ServletContext [/]]
2025-10-01 00:48:48 [http-nio-8083-exec-5] DEBUG o.s.w.servlet.resource.ResourceHttpRequestHandler - Resource not found
2025-10-01 00:48:48 [http-nio-8083-exec-5] DEBUG o.s.w.s.m.m.a.ExceptionHandlerExceptionResolver - Using @ExceptionHandler com.shah_s.bakery_product_service.exception.GlobalExceptionHandler#handleGenericException(Exception, WebRequest)
2025-10-01 00:48:48 [http-nio-8083-exec-5] ERROR c.s.b.exception.GlobalExceptionHandler - Unexpected error: No static resource api/products/863cb939-afcc-4d5d-a38d-671d4019bbc2/stock.
org.springframework.web.servlet.resource.NoResourceFoundException: No static resource api/products/863cb939-afcc-4d5d-a38d-671d4019bbc2/stock.
	at org.springframework.web.servlet.resource.ResourceHttpRequestHandler.handleRequest(ResourceHttpRequestHandler.java:585)
	at org.springframework.web.servlet.mvc.HttpRequestHandlerAdapter.handle(HttpRequestHandlerAdapter.java:52)
	at org.springframework.web.servlet.DispatcherServlet.doDispatch(DispatcherServlet.java:1089)
	at org.springframework.web.servlet.DispatcherServlet.doService(DispatcherServlet.java:979)
	at org.springframework.web.servlet.FrameworkServlet.processRequest(FrameworkServlet.java:1014)
	at org.springframework.web.servlet.FrameworkServlet.doGet(FrameworkServlet.java:903)
	at jakarta.servlet.http.HttpServlet.service(HttpServlet.java:564)
	at org.springframework.web.servlet.FrameworkServlet.service(FrameworkServlet.java:885)
	at jakarta.servlet.http.HttpServlet.service(HttpServlet.java:658)
	at org.apache.catalina.core.ApplicationFilterChain.internalDoFilter(ApplicationFilterChain.java:195)
	at org.apache.catalina.core.ApplicationFilterChain.doFilter(ApplicationFilterChain.java:140)
	at org.apache.tomcat.websocket.server.WsFilter.doFilter(WsFilter.java:51)
	at org.apache.catalina.core.ApplicationFilterChain.internalDoFilter(ApplicationFilterChain.java:164)
	at org.apache.catalina.core.ApplicationFilterChain.doFilter(ApplicationFilterChain.java:140)
	at org.springframework.web.filter.RequestContextFilter.doFilterInternal(RequestContextFilter.java:100)
	at org.springframework.web.filter.OncePerRequestFilter.doFilter(OncePerRequestFilter.java:116)
	at org.apache.catalina.core.ApplicationFilterChain.internalDoFilter(ApplicationFilterChain.java:164)
	at org.apache.catalina.core.ApplicationFilterChain.doFilter(ApplicationFilterChain.java:140)
	at org.springframework.web.filter.FormContentFilter.doFilterInternal(FormContentFilter.java:93)
	at org.springframework.web.filter.OncePerRequestFilter.doFilter(OncePerRequestFilter.java:116)
	at org.apache.catalina.core.ApplicationFilterChain.internalDoFilter(ApplicationFilterChain.java:164)
	at org.apache.catalina.core.ApplicationFilterChain.doFilter(ApplicationFilterChain.java:140)
	at org.springframework.web.filter.ServerHttpObservationFilter.doFilterInternal(ServerHttpObservationFilter.java:110)
	at org.springframework.web.filter.OncePerRequestFilter.doFilter(OncePerRequestFilter.java:116)
	at org.apache.catalina.core.ApplicationFilterChain.internalDoFilter(ApplicationFilterChain.java:164)
	at org.apache.catalina.core.ApplicationFilterChain.doFilter(ApplicationFilterChain.java:140)
	at org.springframework.web.filter.CharacterEncodingFilter.doFilterInternal(CharacterEncodingFilter.java:201)
	at org.springframework.web.filter.OncePerRequestFilter.doFilter(OncePerRequestFilter.java:116)
	at org.apache.catalina.core.ApplicationFilterChain.internalDoFilter(ApplicationFilterChain.java:164)
	at org.apache.catalina.core.ApplicationFilterChain.doFilter(ApplicationFilterChain.java:140)
	at org.apache.catalina.core.StandardWrapperValve.invoke(StandardWrapperValve.java:167)
	at org.apache.catalina.core.StandardContextValve.invoke(StandardContextValve.java:90)
	at org.apache.catalina.authenticator.AuthenticatorBase.invoke(AuthenticatorBase.java:483)
	at org.apache.catalina.core.StandardHostValve.invoke(StandardHostValve.java:116)
	at org.apache.catalina.valves.ErrorReportValve.invoke(ErrorReportValve.java:93)
	at org.apache.catalina.core.StandardEngineValve.invoke(StandardEngineValve.java:74)
	at org.apache.catalina.connector.CoyoteAdapter.service(CoyoteAdapter.java:344)
	at org.apache.coyote.http11.Http11Processor.service(Http11Processor.java:398)
	at org.apache.coyote.AbstractProcessorLight.process(AbstractProcessorLight.java:63)
	at org.apache.coyote.AbstractProtocol$ConnectionHandler.process(AbstractProtocol.java:903)
	at org.apache.tomcat.util.net.NioEndpoint$SocketProcessor.doRun(NioEndpoint.java:1776)
	at org.apache.tomcat.util.net.SocketProcessorBase.run(SocketProcessorBase.java:52)
	at org.apache.tomcat.util.threads.ThreadPoolExecutor.runWorker(ThreadPoolExecutor.java:975)
	at org.apache.tomcat.util.threads.ThreadPoolExecutor$Worker.run(ThreadPoolExecutor.java:493)
	at org.apache.tomcat.util.threads.TaskThread$WrappingRunnable.run(TaskThread.java:63)
	at java.base/java.lang.Thread.run(Thread.java:1583)
2025-10-01 00:48:48 [http-nio-8083-exec-5] DEBUG o.s.w.s.m.m.annotation.HttpEntityMethodProcessor - Using 'application/json', given [*/*] and supported [application/json, application/*+json]
2025-10-01 00:48:48 [http-nio-8083-exec-5] DEBUG o.s.w.s.m.m.annotation.HttpEntityMethodProcessor - Writing [com.shah_s.bakery_product_service.exception.GlobalExceptionHandler$ErrorResponse@7a22210b]
2025-10-01 00:48:48 [http-nio-8083-exec-5] WARN  o.s.w.s.m.m.a.ExceptionHandlerExceptionResolver - Resolved [org.springframework.web.servlet.resource.NoResourceFoundException: No static resource api/products/863cb939-afcc-4d5d-a38d-671d4019bbc2/stock.]
2025-10-01 00:48:48 [http-nio-8083-exec-5] DEBUG org.springframework.web.servlet.DispatcherServlet - Completed 500 INTERNAL_SERVER_ERROR
2025-10-01 00:49:10 [DiscoveryClient-HeartbeatExecutor-%d] DEBUG org.springframework.web.client.RestTemplate - HTTP PUT http://localhost:8761/eureka/apps/PRODUCT-SERVICE/product-service:8083?status=UP&lastDirtyTimestamp=1759252833442
2025-10-01 00:49:10 [DiscoveryClient-HeartbeatExecutor-%d] DEBUG org.springframework.web.client.RestTemplate - Accept=[application/json, application/*+json]
2025-10-01 00:49:10 [DiscoveryClient-HeartbeatExecutor-%d] DEBUG org.springframework.web.client.RestTemplate - Response 200 OK
2025-10-01 00:49:11 [DiscoveryClient-CacheRefreshExecutor-%d] DEBUG org.springframework.web.client.RestTemplate - HTTP GET http://localhost:8761/eureka/apps/delta
2025-10-01 00:49:11 [DiscoveryClient-CacheRefreshExecutor-%d] DEBUG org.springframework.web.client.RestTemplate - Accept=[application/json, application/*+json]
2025-10-01 00:49:11 [DiscoveryClient-CacheRefreshExecutor-%d] DEBUG org.springframework.web.client.RestTemplate - Response 200 OK
2025-10-01 00:49:11 [DiscoveryClient-CacheRefreshExecutor-%d] DEBUG org.springframework.web.client.RestTemplate - Reading to [org.springframework.cloud.netflix.eureka.http.EurekaApplications]
2025-10-01 00:49:40 [DiscoveryClient-HeartbeatExecutor-%d] DEBUG org.springframework.web.client.RestTemplate - HTTP PUT http://localhost:8761/eureka/apps/PRODUCT-SERVICE/product-service:8083?status=UP&lastDirtyTimestamp=1759252833442
2025-10-01 00:49:40 [DiscoveryClient-HeartbeatExecutor-%d] DEBUG org.springframework.web.client.RestTemplate - Accept=[application/json, application/*+json]
2025-10-01 00:49:40 [DiscoveryClient-HeartbeatExecutor-%d] DEBUG org.springframework.web.client.RestTemplate - Response 200 OK
2025-10-01 00:49:41 [DiscoveryClient-CacheRefreshExecutor-%d] DEBUG org.springframework.web.client.RestTemplate - HTTP GET http://localhost:8761/eureka/apps/delta
2025-10-01 00:49:41 [DiscoveryClient-CacheRefreshExecutor-%d] DEBUG org.springframework.web.client.RestTemplate - Accept=[application/json, application/*+json]
2025-10-01 00:49:41 [DiscoveryClient-CacheRefreshExecutor-%d] DEBUG org.springframework.web.client.RestTemplate - Response 200 OK
2025-10-01 00:49:41 [DiscoveryClient-CacheRefreshExecutor-%d] DEBUG org.springframework.web.client.RestTemplate - Reading to [org.springframework.cloud.netflix.eureka.http.EurekaApplications]
2025-10-01 00:49:43 [http-nio-8083-exec-4] DEBUG org.springframework.web.servlet.DispatcherServlet - POST "/api/products/batch/validate", parameters={}
2025-10-01 00:49:43 [http-nio-8083-exec-4] DEBUG o.s.web.servlet.handler.SimpleUrlHandlerMapping - Mapped to ResourceHttpRequestHandler [classpath [META-INF/resources/], classpath [resources/], classpath [static/], classpath [public/], ServletContext [/]]
2025-10-01 00:49:43 [http-nio-8083-exec-4] DEBUG o.s.w.servlet.resource.ResourceHttpRequestHandler - Resource not found
2025-10-01 00:49:43 [http-nio-8083-exec-4] DEBUG o.s.w.s.m.m.a.ExceptionHandlerExceptionResolver - Using @ExceptionHandler com.shah_s.bakery_product_service.exception.GlobalExceptionHandler#handleGenericException(Exception, WebRequest)
2025-10-01 00:49:43 [http-nio-8083-exec-4] ERROR c.s.b.exception.GlobalExceptionHandler - Unexpected error: No static resource api/products/batch/validate.
org.springframework.web.servlet.resource.NoResourceFoundException: No static resource api/products/batch/validate.
	at org.springframework.web.servlet.resource.ResourceHttpRequestHandler.handleRequest(ResourceHttpRequestHandler.java:585)
	at org.springframework.web.servlet.mvc.HttpRequestHandlerAdapter.handle(HttpRequestHandlerAdapter.java:52)
	at org.springframework.web.servlet.DispatcherServlet.doDispatch(DispatcherServlet.java:1089)
	at org.springframework.web.servlet.DispatcherServlet.doService(DispatcherServlet.java:979)
	at org.springframework.web.servlet.FrameworkServlet.processRequest(FrameworkServlet.java:1014)
	at org.springframework.web.servlet.FrameworkServlet.doPost(FrameworkServlet.java:914)
	at jakarta.servlet.http.HttpServlet.service(HttpServlet.java:590)
	at org.springframework.web.servlet.FrameworkServlet.service(FrameworkServlet.java:885)
	at jakarta.servlet.http.HttpServlet.service(HttpServlet.java:658)
	at org.apache.catalina.core.ApplicationFilterChain.internalDoFilter(ApplicationFilterChain.java:195)
	at org.apache.catalina.core.ApplicationFilterChain.doFilter(ApplicationFilterChain.java:140)
	at org.apache.tomcat.websocket.server.WsFilter.doFilter(WsFilter.java:51)
	at org.apache.catalina.core.ApplicationFilterChain.internalDoFilter(ApplicationFilterChain.java:164)
	at org.apache.catalina.core.ApplicationFilterChain.doFilter(ApplicationFilterChain.java:140)
	at org.springframework.web.filter.RequestContextFilter.doFilterInternal(RequestContextFilter.java:100)
	at org.springframework.web.filter.OncePerRequestFilter.doFilter(OncePerRequestFilter.java:116)
	at org.apache.catalina.core.ApplicationFilterChain.internalDoFilter(ApplicationFilterChain.java:164)
	at org.apache.catalina.core.ApplicationFilterChain.doFilter(ApplicationFilterChain.java:140)
	at org.springframework.web.filter.FormContentFilter.doFilterInternal(FormContentFilter.java:93)
	at org.springframework.web.filter.OncePerRequestFilter.doFilter(OncePerRequestFilter.java:116)
	at org.apache.catalina.core.ApplicationFilterChain.internalDoFilter(ApplicationFilterChain.java:164)
	at org.apache.catalina.core.ApplicationFilterChain.doFilter(ApplicationFilterChain.java:140)
	at org.springframework.web.filter.ServerHttpObservationFilter.doFilterInternal(ServerHttpObservationFilter.java:110)
	at org.springframework.web.filter.OncePerRequestFilter.doFilter(OncePerRequestFilter.java:116)
	at org.apache.catalina.core.ApplicationFilterChain.internalDoFilter(ApplicationFilterChain.java:164)
	at org.apache.catalina.core.ApplicationFilterChain.doFilter(ApplicationFilterChain.java:140)
	at org.springframework.web.filter.CharacterEncodingFilter.doFilterInternal(CharacterEncodingFilter.java:201)
	at org.springframework.web.filter.OncePerRequestFilter.doFilter(OncePerRequestFilter.java:116)
	at org.apache.catalina.core.ApplicationFilterChain.internalDoFilter(ApplicationFilterChain.java:164)
	at org.apache.catalina.core.ApplicationFilterChain.doFilter(ApplicationFilterChain.java:140)
	at org.apache.catalina.core.StandardWrapperValve.invoke(StandardWrapperValve.java:167)
	at org.apache.catalina.core.StandardContextValve.invoke(StandardContextValve.java:90)
	at org.apache.catalina.authenticator.AuthenticatorBase.invoke(AuthenticatorBase.java:483)
	at org.apache.catalina.core.StandardHostValve.invoke(StandardHostValve.java:116)
	at org.apache.catalina.valves.ErrorReportValve.invoke(ErrorReportValve.java:93)
	at org.apache.catalina.core.StandardEngineValve.invoke(StandardEngineValve.java:74)
	at org.apache.catalina.connector.CoyoteAdapter.service(CoyoteAdapter.java:344)
	at org.apache.coyote.http11.Http11Processor.service(Http11Processor.java:398)
	at org.apache.coyote.AbstractProcessorLight.process(AbstractProcessorLight.java:63)
	at org.apache.coyote.AbstractProtocol$ConnectionHandler.process(AbstractProtocol.java:903)
	at org.apache.tomcat.util.net.NioEndpoint$SocketProcessor.doRun(NioEndpoint.java:1776)
	at org.apache.tomcat.util.net.SocketProcessorBase.run(SocketProcessorBase.java:52)
	at org.apache.tomcat.util.threads.ThreadPoolExecutor.runWorker(ThreadPoolExecutor.java:975)
	at org.apache.tomcat.util.threads.ThreadPoolExecutor$Worker.run(ThreadPoolExecutor.java:493)
	at org.apache.tomcat.util.threads.TaskThread$WrappingRunnable.run(TaskThread.java:63)
	at java.base/java.lang.Thread.run(Thread.java:1583)
2025-10-01 00:49:43 [http-nio-8083-exec-4] DEBUG o.s.w.s.m.m.annotation.HttpEntityMethodProcessor - Using 'application/json', given [*/*] and supported [application/json, application/*+json]
2025-10-01 00:49:43 [http-nio-8083-exec-4] DEBUG o.s.w.s.m.m.annotation.HttpEntityMethodProcessor - Writing [com.shah_s.bakery_product_service.exception.GlobalExceptionHandler$ErrorResponse@2324cd6c]
2025-10-01 00:49:43 [http-nio-8083-exec-4] WARN  o.s.w.s.m.m.a.ExceptionHandlerExceptionResolver - Resolved [org.springframework.web.servlet.resource.NoResourceFoundException: No static resource api/products/batch/validate.]
2025-10-01 00:49:43 [http-nio-8083-exec-4] DEBUG org.springframework.web.servlet.DispatcherServlet - Completed 500 INTERNAL_SERVER_ERROR
2025-10-01 00:50:10 [DiscoveryClient-HeartbeatExecutor-%d] DEBUG org.springframework.web.client.RestTemplate - HTTP PUT http://localhost:8761/eureka/apps/PRODUCT-SERVICE/product-service:8083?status=UP&lastDirtyTimestamp=1759252833442
2025-10-01 00:50:10 [DiscoveryClient-HeartbeatExecutor-%d] DEBUG org.springframework.web.client.RestTemplate - Accept=[application/json, application/*+json]
2025-10-01 00:50:10 [DiscoveryClient-HeartbeatExecutor-%d] DEBUG org.springframework.web.client.RestTemplate - Response 200 OK
2025-10-01 00:50:11 [DiscoveryClient-CacheRefreshExecutor-%d] DEBUG org.springframework.web.client.RestTemplate - HTTP GET http://localhost:8761/eureka/apps/delta
2025-10-01 00:50:11 [DiscoveryClient-CacheRefreshExecutor-%d] DEBUG org.springframework.web.client.RestTemplate - Accept=[application/json, application/*+json]
2025-10-01 00:50:11 [DiscoveryClient-CacheRefreshExecutor-%d] DEBUG org.springframework.web.client.RestTemplate - Response 200 OK
2025-10-01 00:50:11 [DiscoveryClient-CacheRefreshExecutor-%d] DEBUG org.springframework.web.client.RestTemplate - Reading to [org.springframework.cloud.netflix.eureka.http.EurekaApplications]
2025-10-01 00:50:21 [http-nio-8083-exec-6] DEBUG org.springframework.web.servlet.DispatcherServlet - POST "/api/products/batch/validate", parameters={}
2025-10-01 00:50:21 [http-nio-8083-exec-6] DEBUG o.s.web.servlet.handler.SimpleUrlHandlerMapping - Mapped to ResourceHttpRequestHandler [classpath [META-INF/resources/], classpath [resources/], classpath [static/], classpath [public/], ServletContext [/]]
2025-10-01 00:50:21 [http-nio-8083-exec-6] DEBUG o.s.w.servlet.resource.ResourceHttpRequestHandler - Resource not found
2025-10-01 00:50:21 [http-nio-8083-exec-6] DEBUG o.s.w.s.m.m.a.ExceptionHandlerExceptionResolver - Using @ExceptionHandler com.shah_s.bakery_product_service.exception.GlobalExceptionHandler#handleGenericException(Exception, WebRequest)
2025-10-01 00:50:21 [http-nio-8083-exec-6] ERROR c.s.b.exception.GlobalExceptionHandler - Unexpected error: No static resource api/products/batch/validate.
org.springframework.web.servlet.resource.NoResourceFoundException: No static resource api/products/batch/validate.
	at org.springframework.web.servlet.resource.ResourceHttpRequestHandler.handleRequest(ResourceHttpRequestHandler.java:585)
	at org.springframework.web.servlet.mvc.HttpRequestHandlerAdapter.handle(HttpRequestHandlerAdapter.java:52)
	at org.springframework.web.servlet.DispatcherServlet.doDispatch(DispatcherServlet.java:1089)
	at org.springframework.web.servlet.DispatcherServlet.doService(DispatcherServlet.java:979)
	at org.springframework.web.servlet.FrameworkServlet.processRequest(FrameworkServlet.java:1014)
	at org.springframework.web.servlet.FrameworkServlet.doPost(FrameworkServlet.java:914)
	at jakarta.servlet.http.HttpServlet.service(HttpServlet.java:590)
	at org.springframework.web.servlet.FrameworkServlet.service(FrameworkServlet.java:885)
	at jakarta.servlet.http.HttpServlet.service(HttpServlet.java:658)
	at org.apache.catalina.core.ApplicationFilterChain.internalDoFilter(ApplicationFilterChain.java:195)
	at org.apache.catalina.core.ApplicationFilterChain.doFilter(ApplicationFilterChain.java:140)
	at org.apache.tomcat.websocket.server.WsFilter.doFilter(WsFilter.java:51)
	at org.apache.catalina.core.ApplicationFilterChain.internalDoFilter(ApplicationFilterChain.java:164)
	at org.apache.catalina.core.ApplicationFilterChain.doFilter(ApplicationFilterChain.java:140)
	at org.springframework.web.filter.RequestContextFilter.doFilterInternal(RequestContextFilter.java:100)
	at org.springframework.web.filter.OncePerRequestFilter.doFilter(OncePerRequestFilter.java:116)
	at org.apache.catalina.core.ApplicationFilterChain.internalDoFilter(ApplicationFilterChain.java:164)
	at org.apache.catalina.core.ApplicationFilterChain.doFilter(ApplicationFilterChain.java:140)
	at org.springframework.web.filter.FormContentFilter.doFilterInternal(FormContentFilter.java:93)
	at org.springframework.web.filter.OncePerRequestFilter.doFilter(OncePerRequestFilter.java:116)
	at org.apache.catalina.core.ApplicationFilterChain.internalDoFilter(ApplicationFilterChain.java:164)
	at org.apache.catalina.core.ApplicationFilterChain.doFilter(ApplicationFilterChain.java:140)
	at org.springframework.web.filter.ServerHttpObservationFilter.doFilterInternal(ServerHttpObservationFilter.java:110)
	at org.springframework.web.filter.OncePerRequestFilter.doFilter(OncePerRequestFilter.java:116)
	at org.apache.catalina.core.ApplicationFilterChain.internalDoFilter(ApplicationFilterChain.java:164)
	at org.apache.catalina.core.ApplicationFilterChain.doFilter(ApplicationFilterChain.java:140)
	at org.springframework.web.filter.CharacterEncodingFilter.doFilterInternal(CharacterEncodingFilter.java:201)
	at org.springframework.web.filter.OncePerRequestFilter.doFilter(OncePerRequestFilter.java:116)
	at org.apache.catalina.core.ApplicationFilterChain.internalDoFilter(ApplicationFilterChain.java:164)
	at org.apache.catalina.core.ApplicationFilterChain.doFilter(ApplicationFilterChain.java:140)
	at org.apache.catalina.core.StandardWrapperValve.invoke(StandardWrapperValve.java:167)
	at org.apache.catalina.core.StandardContextValve.invoke(StandardContextValve.java:90)
	at org.apache.catalina.authenticator.AuthenticatorBase.invoke(AuthenticatorBase.java:483)
	at org.apache.catalina.core.StandardHostValve.invoke(StandardHostValve.java:116)
	at org.apache.catalina.valves.ErrorReportValve.invoke(ErrorReportValve.java:93)
	at org.apache.catalina.core.StandardEngineValve.invoke(StandardEngineValve.java:74)
	at org.apache.catalina.connector.CoyoteAdapter.service(CoyoteAdapter.java:344)
	at org.apache.coyote.http11.Http11Processor.service(Http11Processor.java:398)
	at org.apache.coyote.AbstractProcessorLight.process(AbstractProcessorLight.java:63)
	at org.apache.coyote.AbstractProtocol$ConnectionHandler.process(AbstractProtocol.java:903)
	at org.apache.tomcat.util.net.NioEndpoint$SocketProcessor.doRun(NioEndpoint.java:1776)
	at org.apache.tomcat.util.net.SocketProcessorBase.run(SocketProcessorBase.java:52)
	at org.apache.tomcat.util.threads.ThreadPoolExecutor.runWorker(ThreadPoolExecutor.java:975)
	at org.apache.tomcat.util.threads.ThreadPoolExecutor$Worker.run(ThreadPoolExecutor.java:493)
	at org.apache.tomcat.util.threads.TaskThread$WrappingRunnable.run(TaskThread.java:63)
	at java.base/java.lang.Thread.run(Thread.java:1583)
2025-10-01 00:50:21 [http-nio-8083-exec-6] DEBUG o.s.w.s.m.m.annotation.HttpEntityMethodProcessor - Using 'application/json', given [*/*] and supported [application/json, application/*+json]
2025-10-01 00:50:21 [http-nio-8083-exec-6] DEBUG o.s.w.s.m.m.annotation.HttpEntityMethodProcessor - Writing [com.shah_s.bakery_product_service.exception.GlobalExceptionHandler$ErrorResponse@1e2a0847]
2025-10-01 00:50:21 [http-nio-8083-exec-6] WARN  o.s.w.s.m.m.a.ExceptionHandlerExceptionResolver - Resolved [org.springframework.web.servlet.resource.NoResourceFoundException: No static resource api/products/batch/validate.]
2025-10-01 00:50:21 [http-nio-8083-exec-6] DEBUG org.springframework.web.servlet.DispatcherServlet - Completed 500 INTERNAL_SERVER_ERROR
2025-10-01 00:50:22 [http-nio-8083-exec-7] DEBUG org.springframework.web.servlet.DispatcherServlet - GET "/api/products/863cb939-afcc-4d5d-a38d-671d4019bbc2", parameters={}
2025-10-01 00:50:22 [http-nio-8083-exec-7] DEBUG o.s.w.s.m.m.a.RequestMappingHandlerMapping - Mapped to com.shah_s.bakery_product_service.controller.ProductController#getProductById(UUID)
2025-10-01 00:50:22 [http-nio-8083-exec-7] INFO  c.s.b.controller.ProductController - Get product by ID request received: 863cb939-afcc-4d5d-a38d-671d4019bbc2
2025-10-01 00:50:22 [http-nio-8083-exec-7] DEBUG c.s.bakery_product_service.service.ProductService - Fetching product by ID: 863cb939-afcc-4d5d-a38d-671d4019bbc2
2025-10-01 00:50:22 [http-nio-8083-exec-7] DEBUG org.hibernate.SQL - 
    select
        p1_0.id,
        p1_0.calories_per_unit,
        p1_0.category_id,
        p1_0.created_at,
        p1_0.description,
        p1_0.discount_price,
        p1_0.is_featured,
        p1_0.name,
        p1_0.preparation_time,
        p1_0.price,
        p1_0.shelf_life_hours,
        p1_0.short_description,
        p1_0.sku,
        p1_0.status,
        p1_0.unit,
        p1_0.updated_at,
        p1_0.weight_grams 
    from
        products p1_0 
    where
        p1_0.id=?
2025-10-01 00:50:22 [http-nio-8083-exec-7] DEBUG org.hibernate.SQL - 
    select
        i1_0.id,
        i1_0.auto_reorder_enabled,
        i1_0.created_at,
        i1_0.current_stock,
        i1_0.expiry_date,
        i1_0.last_restocked_at,
        i1_0.last_restocked_quantity,
        i1_0.maximum_stock,
        i1_0.minimum_stock,
        i1_0.notes,
        i1_0.product_id,
        i1_0.reorder_level,
        i1_0.reorder_quantity,
        i1_0.reserved_stock,
        i1_0.status,
        i1_0.storage_location,
        i1_0.supplier_info,
        i1_0.track_expiry,
        i1_0.updated_at 
    from
        inventory i1_0 
    where
        i1_0.product_id=?
2025-10-01 00:50:22 [http-nio-8083-exec-7] DEBUG org.hibernate.SQL - 
    select
        c1_0.id,
        c1_0.active,
        c1_0.created_at,
        c1_0.description,
        c1_0.display_order,
        c1_0.icon_class,
        c1_0.image_url,
        c1_0.name,
        c1_0.updated_at 
    from
        categories c1_0 
    where
        c1_0.id=?
2025-10-01 00:50:22 [http-nio-8083-exec-7] DEBUG org.hibernate.SQL - 
    select
        i1_0.product_id,
        i1_0.id,
        i1_0.alt_text,
        i1_0.created_at,
        i1_0.display_order,
        i1_0.file_size_bytes,
        i1_0.image_height,
        i1_0.image_url,
        i1_0.image_width,
        i1_0.is_primary 
    from
        product_images i1_0 
    where
        i1_0.product_id=?
2025-10-01 00:50:22 [http-nio-8083-exec-7] INFO  c.s.b.controller.ProductController - Product retrieved: Chocolate Fudge Cake
2025-10-01 00:50:22 [http-nio-8083-exec-7] DEBUG o.s.w.s.m.m.annotation.HttpEntityMethodProcessor - Using 'application/json', given [*/*] and supported [application/json, application/*+json]
2025-10-01 00:50:22 [http-nio-8083-exec-7] DEBUG o.s.w.s.m.m.annotation.HttpEntityMethodProcessor - Writing [com.shah_s.bakery_product_service.dto.ProductResponse@28274954]
2025-10-01 00:50:22 [http-nio-8083-exec-7] DEBUG org.hibernate.SQL - 
    select
        i1_0.product_id,
        i1_0.ingredient 
    from
        product_ingredients i1_0 
    where
        i1_0.product_id=?
2025-10-01 00:50:22 [http-nio-8083-exec-7] DEBUG org.hibernate.SQL - 
    select
        a1_0.product_id,
        a1_0.allergen 
    from
        product_allergens a1_0 
    where
        a1_0.product_id=?
2025-10-01 00:50:22 [http-nio-8083-exec-7] DEBUG org.hibernate.SQL - 
    select
        t1_0.product_id,
        t1_0.tag 
    from
        product_tags t1_0 
    where
        t1_0.product_id=?
2025-10-01 00:50:22 [http-nio-8083-exec-7] DEBUG org.springframework.web.servlet.DispatcherServlet - Completed 200 OK
2025-10-01 00:50:22 [http-nio-8083-exec-8] DEBUG org.springframework.web.servlet.DispatcherServlet - GET "/api/inventory/product/863cb939-afcc-4d5d-a38d-671d4019bbc2/availability?quantity=3", parameters={masked}
2025-10-01 00:50:22 [http-nio-8083-exec-8] DEBUG o.s.w.s.m.m.a.RequestMappingHandlerMapping - Mapped to com.shah_s.bakery_product_service.controller.InventoryController#checkStockAvailability(UUID, Integer)
2025-10-01 00:50:23 [http-nio-8083-exec-8] INFO  c.s.b.controller.InventoryController - Check stock availability request received for product: 863cb939-afcc-4d5d-a38d-671d4019bbc2 (quantity: 3)
2025-10-01 00:50:23 [http-nio-8083-exec-8] DEBUG org.hibernate.SQL - 
    /* SELECT
        CASE 
            WHEN (i.currentStock - i.reservedStock) >= :requiredQuantity 
                THEN true 
            ELSE false 
    END 
FROM
    Inventory i 
WHERE
    i.product.id = :productId */ select
        case 
            when (i1_0.current_stock-i1_0.reserved_stock)>=? 
                then true 
            else false 
    end 
from
    inventory i1_0 
where
    i1_0.product_id=?
2025-10-01 00:50:23 [http-nio-8083-exec-8] DEBUG org.hibernate.SQL - 
    /* SELECT
        (i.currentStock - i.reservedStock) 
    FROM
        Inventory i 
    WHERE
        i.product.id = :productId */ select
            (i1_0.current_stock-i1_0.reserved_stock) 
        from
            inventory i1_0 
        where
            i1_0.product_id=?
2025-10-01 00:50:23 [http-nio-8083-exec-8] DEBUG o.s.w.s.m.m.annotation.HttpEntityMethodProcessor - Using 'application/json', given [*/*] and supported [application/json, application/*+json]
2025-10-01 00:50:23 [http-nio-8083-exec-8] DEBUG o.s.w.s.m.m.annotation.HttpEntityMethodProcessor - Writing [{productId=863cb939-afcc-4d5d-a38d-671d4019bbc2, availableStock=8, sufficient=true, requestedQuantit (truncated)...]
2025-10-01 00:50:23 [http-nio-8083-exec-8] DEBUG org.springframework.web.servlet.DispatcherServlet - Completed 200 OK
2025-10-01 00:50:23 [http-nio-8083-exec-9] DEBUG org.springframework.web.servlet.DispatcherServlet - POST "/api/inventory/product/863cb939-afcc-4d5d-a38d-671d4019bbc2/reserve", parameters={}
2025-10-01 00:50:23 [http-nio-8083-exec-9] DEBUG o.s.w.s.m.m.a.RequestMappingHandlerMapping - Mapped to com.shah_s.bakery_product_service.controller.InventoryController#reserveStock(UUID, Map)
2025-10-01 00:50:23 [http-nio-8083-exec-9] DEBUG o.s.w.s.m.m.a.RequestResponseBodyMethodProcessor - Read "application/json;charset=UTF-8" to [{quantity=3}]
2025-10-01 00:50:23 [http-nio-8083-exec-9] INFO  c.s.b.controller.InventoryController - Reserve stock request received for product: 863cb939-afcc-4d5d-a38d-671d4019bbc2
2025-10-01 00:50:23 [http-nio-8083-exec-9] INFO  c.s.b.service.InventoryService - Reserving 3 units for product: 863cb939-afcc-4d5d-a38d-671d4019bbc2
2025-10-01 00:50:23 [http-nio-8083-exec-9] DEBUG org.hibernate.SQL - 
    /* <criteria> */ select
        i1_0.id,
        i1_0.auto_reorder_enabled,
        i1_0.created_at,
        i1_0.current_stock,
        i1_0.expiry_date,
        i1_0.last_restocked_at,
        i1_0.last_restocked_quantity,
        i1_0.maximum_stock,
        i1_0.minimum_stock,
        i1_0.notes,
        i1_0.product_id,
        i1_0.reorder_level,
        i1_0.reorder_quantity,
        i1_0.reserved_stock,
        i1_0.status,
        i1_0.storage_location,
        i1_0.supplier_info,
        i1_0.track_expiry,
        i1_0.updated_at 
    from
        inventory i1_0 
    left join
        products p1_0 
            on p1_0.id=i1_0.product_id 
    where
        p1_0.id=?
2025-10-01 00:50:23 [http-nio-8083-exec-9] INFO  c.s.b.service.InventoryService - Stock reserved successfully: 3 units for product: 863cb939-afcc-4d5d-a38d-671d4019bbc2
2025-10-01 00:50:23 [http-nio-8083-exec-9] DEBUG org.hibernate.SQL - 
    /* update
        for com.shah_s.bakery_product_service.entity.Inventory */update inventory 
    set
        auto_reorder_enabled=?,
        current_stock=?,
        expiry_date=?,
        last_restocked_at=?,
        last_restocked_quantity=?,
        maximum_stock=?,
        minimum_stock=?,
        notes=?,
        product_id=?,
        reorder_level=?,
        reorder_quantity=?,
        reserved_stock=?,
        status=?,
        storage_location=?,
        supplier_info=?,
        track_expiry=?,
        updated_at=? 
    where
        id=?
2025-10-01 00:50:23 [http-nio-8083-exec-9] INFO  c.s.b.controller.InventoryController - Stock reserved successfully: 3 units for product: 863cb939-afcc-4d5d-a38d-671d4019bbc2
2025-10-01 00:50:23 [http-nio-8083-exec-9] DEBUG o.s.w.s.m.m.annotation.HttpEntityMethodProcessor - Using 'application/json', given [*/*] and supported [application/json, application/*+json]
2025-10-01 00:50:23 [http-nio-8083-exec-9] DEBUG o.s.w.s.m.m.annotation.HttpEntityMethodProcessor - Writing [{quantity=3, productId=863cb939-afcc-4d5d-a38d-671d4019bbc2, success=true, message=Stock reserved su (truncated)...]
2025-10-01 00:50:23 [http-nio-8083-exec-9] DEBUG org.springframework.web.servlet.DispatcherServlet - Completed 200 OK
2025-10-01 00:50:34 [AsyncResolver-bootstrap-executor-%d] INFO  c.n.d.shared.resolver.aws.ConfigClusterResolver - Resolving eureka endpoints via configuration
2025-10-01 00:50:40 [DiscoveryClient-HeartbeatExecutor-%d] DEBUG org.springframework.web.client.RestTemplate - HTTP PUT http://localhost:8761/eureka/apps/PRODUCT-SERVICE/product-service:8083?status=UP&lastDirtyTimestamp=1759252833442
2025-10-01 00:50:40 [DiscoveryClient-HeartbeatExecutor-%d] DEBUG org.springframework.web.client.RestTemplate - Accept=[application/json, application/*+json]
2025-10-01 00:50:40 [DiscoveryClient-HeartbeatExecutor-%d] DEBUG org.springframework.web.client.RestTemplate - Response 200 OK
2025-10-01 00:50:41 [DiscoveryClient-CacheRefreshExecutor-%d] DEBUG org.springframework.web.client.RestTemplate - HTTP GET http://localhost:8761/eureka/apps/delta
2025-10-01 00:50:41 [DiscoveryClient-CacheRefreshExecutor-%d] DEBUG org.springframework.web.client.RestTemplate - Accept=[application/json, application/*+json]
2025-10-01 00:50:41 [DiscoveryClient-CacheRefreshExecutor-%d] DEBUG org.springframework.web.client.RestTemplate - Response 200 OK
2025-10-01 00:50:41 [DiscoveryClient-CacheRefreshExecutor-%d] DEBUG org.springframework.web.client.RestTemplate - Reading to [org.springframework.cloud.netflix.eureka.http.EurekaApplications]
2025-10-01 00:51:10 [DiscoveryClient-HeartbeatExecutor-%d] DEBUG org.springframework.web.client.RestTemplate - HTTP PUT http://localhost:8761/eureka/apps/PRODUCT-SERVICE/product-service:8083?status=UP&lastDirtyTimestamp=1759252833442
2025-10-01 00:51:10 [DiscoveryClient-HeartbeatExecutor-%d] DEBUG org.springframework.web.client.RestTemplate - Accept=[application/json, application/*+json]
2025-10-01 00:51:10 [DiscoveryClient-HeartbeatExecutor-%d] DEBUG org.springframework.web.client.RestTemplate - Response 200 OK
2025-10-01 00:51:11 [DiscoveryClient-CacheRefreshExecutor-%d] DEBUG org.springframework.web.client.RestTemplate - HTTP GET http://localhost:8761/eureka/apps/delta
2025-10-01 00:51:11 [DiscoveryClient-CacheRefreshExecutor-%d] DEBUG org.springframework.web.client.RestTemplate - Accept=[application/json, application/*+json]
2025-10-01 00:51:11 [DiscoveryClient-CacheRefreshExecutor-%d] DEBUG org.springframework.web.client.RestTemplate - Response 200 OK
2025-10-01 00:51:11 [DiscoveryClient-CacheRefreshExecutor-%d] DEBUG org.springframework.web.client.RestTemplate - Reading to [org.springframework.cloud.netflix.eureka.http.EurekaApplications]
2025-10-01 00:51:40 [DiscoveryClient-HeartbeatExecutor-%d] DEBUG org.springframework.web.client.RestTemplate - HTTP PUT http://localhost:8761/eureka/apps/PRODUCT-SERVICE/product-service:8083?status=UP&lastDirtyTimestamp=1759252833442
2025-10-01 00:51:40 [DiscoveryClient-HeartbeatExecutor-%d] DEBUG org.springframework.web.client.RestTemplate - Accept=[application/json, application/*+json]
2025-10-01 00:51:40 [DiscoveryClient-HeartbeatExecutor-%d] DEBUG org.springframework.web.client.RestTemplate - Response 200 OK
2025-10-01 00:51:41 [DiscoveryClient-CacheRefreshExecutor-%d] DEBUG org.springframework.web.client.RestTemplate - HTTP GET http://localhost:8761/eureka/apps/delta
2025-10-01 00:51:41 [DiscoveryClient-CacheRefreshExecutor-%d] DEBUG org.springframework.web.client.RestTemplate - Accept=[application/json, application/*+json]
2025-10-01 00:51:41 [DiscoveryClient-CacheRefreshExecutor-%d] DEBUG org.springframework.web.client.RestTemplate - Response 200 OK
2025-10-01 00:51:41 [DiscoveryClient-CacheRefreshExecutor-%d] DEBUG org.springframework.web.client.RestTemplate - Reading to [org.springframework.cloud.netflix.eureka.http.EurekaApplications]
2025-10-01 00:52:10 [DiscoveryClient-HeartbeatExecutor-%d] DEBUG org.springframework.web.client.RestTemplate - HTTP PUT http://localhost:8761/eureka/apps/PRODUCT-SERVICE/product-service:8083?status=UP&lastDirtyTimestamp=1759252833442
2025-10-01 00:52:10 [DiscoveryClient-HeartbeatExecutor-%d] DEBUG org.springframework.web.client.RestTemplate - Accept=[application/json, application/*+json]
2025-10-01 00:52:10 [DiscoveryClient-HeartbeatExecutor-%d] DEBUG org.springframework.web.client.RestTemplate - Response 200 OK
2025-10-01 00:52:11 [DiscoveryClient-CacheRefreshExecutor-%d] DEBUG org.springframework.web.client.RestTemplate - HTTP GET http://localhost:8761/eureka/apps/delta
2025-10-01 00:52:11 [DiscoveryClient-CacheRefreshExecutor-%d] DEBUG org.springframework.web.client.RestTemplate - Accept=[application/json, application/*+json]
2025-10-01 00:52:11 [DiscoveryClient-CacheRefreshExecutor-%d] DEBUG org.springframework.web.client.RestTemplate - Response 200 OK
2025-10-01 00:52:11 [DiscoveryClient-CacheRefreshExecutor-%d] DEBUG org.springframework.web.client.RestTemplate - Reading to [org.springframework.cloud.netflix.eureka.http.EurekaApplications]
